,コナミスポーツクラブ,東大島,,ボディパンプ60,1,12:35,鹿又 裕子,
,コナミスポーツクラブ,東大島,,ボディパンプ60,1,19:30,三田寺 由香,
,コナミスポーツクラブ,東大島,,ボディパンプ60,6,13:15,鹿又 裕子,
,コナミスポーツクラブ,東大島,,ボディパンプ60,0,11:00,菊橋 康孝,
,コナミスポーツクラブ,東大島,,ボディパンプ45,5,21:45,菊橋 康孝,
,コナミスポーツクラブ,東大島,,ボディパンプ45,6,18:45,菊橋 康孝,
,コナミスポーツクラブ,東大島,,ボディパンプ30,5,12:30,三田寺 由香,
,コナミスポーツクラブ,五反田,,ボディパンプテック,1,18:45,新津 直樹,
,コナミスポーツクラブ,五反田,,ボディパンプテック,5,12:05,新津 直樹,
,コナミスポーツクラブ,五反田,,ボディパンプ60,2,20:15,大角 文子,
,コナミスポーツクラブ,五反田,,ボディパンプ60,0,15:45,新津 直樹,
,コナミスポーツクラブ,五反田,,ボディパンプ45,4,14:35,佐藤 拓巳,
,コナミスポーツクラブ,五反田,,ボディパンプ45,5,12:25,新津 直樹,
,コナミスポーツクラブ,五反田,,ボディパンプ45,5,21:45,菅池 茂,
,コナミスポーツクラブ,五反田,,ボディパンプ30,1,19:00,新津 直樹,
,コナミスポーツクラブ,五反田,,ボディパンプ30,6,12:20,佐藤 拓巳,
,コナミスポーツクラブ,武蔵野,,ボディパンプ60,5,13:00,佐藤 玄記,
,コナミスポーツクラブ,武蔵野,,ボディパンプ60,5,21:30,多田 出,
,コナミスポーツクラブ,武蔵野,,ボディパンプ60,0,13:35,多田 出,
,コナミスポーツクラブ,武蔵野,,ボディパンプ30,2,12:15,佐藤 玄記,
,コナミスポーツクラブ,武蔵野,,ボディパンプ30,4,20:00,本田 圭二,
,コナミスポーツクラブ,武蔵野,,ボディパンプ30,6,12:20,佐藤 玄記,
,コナミスポーツクラブ,船堀,,ボディパンプ60,4,20:35,宮澤順一,
,コナミスポーツクラブ,船堀,,ボディパンプ60,0,17:00,八巻秀明,
,コナミスポーツクラブ,船堀,,ボディパンプ45,6,17:05,松田直也,
,コナミスポーツクラブ,船堀,,ボディパンプ35,5,20:55,宮澤順一,
,コナミスポーツクラブ,一橋学園,,ボディパンプ60,1,15:05,工藤 弓子,
,コナミスポーツクラブ,一橋学園,,ボディパンプ60,1,21:25,渡部 大介,
,コナミスポーツクラブ,一橋学園,,ボディパンプ60,4,10:20,IKUKO,
,コナミスポーツクラブ,一橋学園,,ボディパンプ60,6,16:45,大久保 貴史,
,コナミスポーツクラブ,一橋学園,,ボディパンプ45,3,19:15,大久保 貴史,
,コナミスポーツクラブ,一橋学園,,ボディパンプ45,5,13:50,【変更】大桃 雄太,
,コナミスポーツクラブ,一橋学園,,ボディパンプ45,0,15:30,【変更】大桃 雄太,
,コナミスポーツクラブ,立川,,ボディパンプ60,4,21:15,田中 千恵,
,コナミスポーツクラブ,立川,,ボディパンプ45,1,21:30,堀川 香織,
,コナミスポーツクラブ,立川,,ボディパンプ45,3,12:00,末政 達也,
,コナミスポーツクラブ,立川,,ボディパンプ45,6,13:00,末政 達也,
,コナミスポーツクラブ,立川,,ボディパンプ30,1,10:00,田中 千恵,
,コナミスポーツクラブ,立川,,ボディパンプ30,5,19:30,倉橋 愛美,
,コナミスポーツクラブ,立川,,ボディパンプ30,0,13:30,堀川 香織,
,コナミスポーツクラブ,八王子,,ボディパンプ60,3,19:20,川崎健一郎,
,コナミスポーツクラブ,八王子,,ボディパンプ60,5,10:30,倉橋勝,
,コナミスポーツクラブ,八王子,,ボディパンプ60,6,12:30,倉橋勝,
,コナミスポーツクラブ,八王子,,ボディパンプ60,0,14:55,川崎健一郎,
,コナミスポーツクラブ,八王子,,ボディパンプ45,1,13:35,乗田大輔,
,コナミスポーツクラブ,八王子,,ボディパンプ45,4,21:25,塚田啓之,
,コナミスポーツクラブ,八王子,,ボディパンプ45,5,19:30,塚田啓之,
,コナミスポーツクラブ,八王子,,ボディパンプ35,4,11:25,乗田大輔,
,コナミスポーツクラブ,稲城,,ボディパンプ60,2,13:00,塩月佑典,
,コナミスポーツクラブ,稲城,,ボディパンプ60,2,19:45,太田麻紀,
,コナミスポーツクラブ,稲城,,ボディパンプ60,6,15:30,田中美奈,
,コナミスポーツクラブ,稲城,,ボディパンプ45,5,10:30,大野麻里子,
,コナミスポーツクラブ,稲城,,ボディパンプ45,0,15:00,太田麻紀,
,コナミスポーツクラブ,稲城,,ボディパンプ30,3,19:00,塩月佑典,
,コナミスポーツクラブ,青山,,ボディパンプ60,6,14:30,富田優一,
,コナミスポーツクラブ,青山,,ボディパンプ60,0,14:30,山田哲也,
,コナミスポーツクラブ,青山,,ボディパンプ45,5,21:00,前畑行宏,
,コナミスポーツクラブ,青山,,ボディパンプ30,1,20:15,的場正晃,
,コナミスポーツクラブ,青山,,ボディパンプ30,2,9:45,荒井遼太郎,
,コナミスポーツクラブ,青山,,ボディパンプ30,4,10:10,荒井遼太郎,
,コナミスポーツクラブ,飯田橋,,ボディパンプテック,1,21:10,藤尾 惇(定員45名),
,コナミスポーツクラブ,飯田橋,,ボディパンプ60,1,11:10,善幸 いづみ(定員45名),
,コナミスポーツクラブ,飯田橋,,ボディパンプ60,1,21:30,藤尾 惇(定員45名),
,コナミスポーツクラブ,飯田橋,,ボディパンプ60,2,14:10,善幸 いづみ(定員45名),
,コナミスポーツクラブ,飯田橋,,ボディパンプ60,3,19:00,永井 克康(定員45名),
,コナミスポーツクラブ,飯田橋,,ボディパンプ60,5,12:05,相場 諭(定員45名),
,コナミスポーツクラブ,飯田橋,,ボディパンプ60,6,11:20,秋庭 伸吾(定員45名),
,コナミスポーツクラブ,飯田橋,,ボディパンプ30,5,18:45,善幸 いづみ,
,コナミスポーツクラブ,銀座,,ボディパンプ60,2,20:15,坂東 亜季子,
,コナミスポーツクラブ,銀座,,ボディパンプ60,4,11:15,中村 昌代,
,コナミスポーツクラブ,銀座,,ボディパンプ60,6,16:45,三代 学,
,コナミスポーツクラブ,銀座,,ボディパンプ45,1,7:15,佐藤 基之,
,コナミスポーツクラブ,銀座,,ボディパンプ45,1,18:30,中村 昌代,
,コナミスポーツクラブ,銀座,,ボディパンプ45,2,14:45,染川 美佳,
,コナミスポーツクラブ,銀座,,ボディパンプ45,3,16:10,齋藤 拓也,
,コナミスポーツクラブ,銀座,,ボディパンプ45,5,8:10,坂東 亜季子,
,コナミスポーツクラブ,銀座,,ボディパンプ45,5,21:20,小林 朝子,
,コナミスポーツクラブ,銀座,,ボディパンプ30,2,8:10,染川 美佳,
,コナミスポーツクラブ,大手町,,ボディパンプ60,1,18:45,村井達則,
,コナミスポーツクラブ,大手町,,ボディパンプ60,3,14:40,末廣伸一朗,
,コナミスポーツクラブ,大手町,,ボディパンプ60,5,19:55,渡辺智弘,
,コナミスポーツクラブ,大手町,,ボディパンプ60,6,15:15,末廣伸一朗,
,コナミスポーツクラブ,大手町,,ボディパンプ45,2,11:45,雨宮晴子,
,コナミスポーツクラブ,大手町,,ボディパンプ45,4,12:15,浅野智賀子,
,コナミスポーツクラブ,大手町,,ボディパンプ45,5,11:40,末廣伸一朗,
,コナミスポーツクラブ,目黒青葉台,,ボディパンプ60,1,20:30,井上 真登,
,コナミスポーツクラブ,目黒青葉台,,ボディパンプ60,3,15:15,布瀬 可奈子,
,コナミスポーツクラブ,目黒青葉台,,ボディパンプ60,4,21:45,竹田 信也,
,コナミスポーツクラブ,目黒青葉台,,ボディパンプ60,5,12:45,中川 真希,
,コナミスポーツクラブ,目黒青葉台,,ボディパンプ60,5,20:05,井上 真登,
,コナミスポーツクラブ,目黒青葉台,,ボディパンプ60,6,17:45,後藤 冬樹,
,コナミスポーツクラブ,目黒青葉台,,ボディパンプ60,0,12:50,貞 喜代彦,
,コナミスポーツクラブ,目黒青葉台,,ボディパンプ45,1,13:30,山下 剛,
,コナミスポーツクラブ,曳舟,,ボディパンプ60,1,12:45,鈴木亜矢子,
,コナミスポーツクラブ,曳舟,,ボディパンプ60,2,21:30,貞喜代彦,
,コナミスポーツクラブ,曳舟,,ボディパンプ60,4,12:45,蛯子朝乃,
,コナミスポーツクラブ,曳舟,,ボディパンプ60,5,21:30,蛯子朝乃,
,コナミスポーツクラブ,曳舟,,ボディパンプ60,0,13:00,鈴木亜矢子,
,コナミスポーツクラブ,曳舟,,ボディパンプ30,4,19:30,鈴木亜矢子,
,コナミスポーツクラブ,西葛西,,ボディパンプテック,0,17:00,山田 紗緒里,
,コナミスポーツクラブ,西葛西,,ボディパンプ60,1,9:50,阿部 直彰,
,コナミスポーツクラブ,西葛西,,ボディパンプ60,1,14:35,善幸 いづみ,
,コナミスポーツクラブ,西葛西,,ボディパンプ60,1,20:05,山田 紗緒里,
,コナミスポーツクラブ,西葛西,,ボディパンプ60,3,9:40,池上 享,
,コナミスポーツクラブ,西葛西,,ボディパンプ60,6,10:15,池上 享,
,コナミスポーツクラブ,西葛西,,ボディパンプ60,6,19:50,屋久 恵太郎,
,コナミスポーツクラブ,西葛西,,ボディパンプ60,0,9:45,屋久 恵太郎,
,コナミスポーツクラブ,西葛西,,ボディパンプ45,3,19:15,田中 正成,
,コナミスポーツクラブ,西葛西,,ボディパンプ45,4,21:30,大宮 一人,
,コナミスポーツクラブ,西葛西,,ボディパンプ45,5,15:15,野本 早苗,
,コナミスポーツクラブ,西葛西,,ボディパンプ35,0,17:20,山田 紗緒里,
,コナミスポーツクラブ,二子玉川,,ボディパンプ60,3,21:35,新倉洋輔,
,コナミスポーツクラブ,二子玉川,,ボディパンプ60,5,12:50,神田正樹,
,コナミスポーツクラブ,二子玉川,,ボディパンプ60,6,18:30,田上岳,
,コナミスポーツクラブ,二子玉川,,ボディパンプ60,0,12:20,野里奈央,
,コナミスポーツクラブ,二子玉川,,ボディパンプ45,1,19:45,新倉洋輔,
,コナミスポーツクラブ,二子玉川,,ボディパンプ45,3,13:30,出川 美恵子,
,コナミスポーツクラブ,府中,,ボディパンプテック,1,11:40,,
,コナミスポーツクラブ,府中,,ボディパンプ60,1,22:15,岩田勇樹,
,コナミスポーツクラブ,府中,,ボディパンプ60,4,13:55,新名弘嵩,
,コナミスポーツクラブ,府中,,ボディパンプ60,6,10:25,吉永有宏,
,コナミスポーツクラブ,府中,,ボディパンプ60,6,19:50,酒井啓介,
,コナミスポーツクラブ,府中,,ボディパンプ60,0,15:40,新名弘嵩,
,コナミスポーツクラブ,府中,,ボディパンプ45,1,12:00,,
,コナミスポーツクラブ,府中,,ボディパンプ30,3,16:20,岩田勇樹,
,コナミスポーツクラブ,府中,,ボディパンプ30,4,18:50,菅田郁美,
,コナミスポーツクラブ,府中,,ボディパンプ30,5,12:10,岩田勇樹,
,コナミスポーツクラブ,府中,,ボディパンプ30,5,21:45,遠藤仁士,
,コナミスポーツクラブ,池袋,,ボディパンプ60,1,20:40,志賀公之助,
,コナミスポーツクラブ,池袋,,ボディパンプ60,3,13:20,白川⇒(代行)志賀,
,コナミスポーツクラブ,池袋,,ボディパンプ60,3,19:30,寺園悠人,
,コナミスポーツクラブ,池袋,,ボディパンプ60,5,22:00,白川貴史,
,コナミスポーツクラブ,池袋,,ボディパンプ60,6,13:00,浅川裕司,
,コナミスポーツクラブ,池袋,,ボディパンプ60,0,10:30,松永忠,
,コナミスポーツクラブ,池袋,,ボディパンプ45,1,11:55,西脇登志子,
,コナミスポーツクラブ,池袋,,ボディパンプ30,1,15:30,榎本忍,
,コナミスポーツクラブ,池袋,,ボディパンプ30,4,22:55,寺園悠人,
,コナミスポーツクラブ,池袋,,ボディパンプ30,5,11:45,榎本忍,
,コナミスポーツクラブ,池袋,,ボディパンプ30,6,18:50,松永忠,
,コナミスポーツクラブ,本店,,ボディパンプ60,1,21:30,磯部 隼,
,コナミスポーツクラブ,本店,,ボディパンプ60,4,16:00,川本 雅道,
,コナミスポーツクラブ,本店,,ボディパンプ60,4,19:15,磯部 隼,
,コナミスポーツクラブ,本店,,ボディパンプ60,6,11:30,杉浦 和子,
,コナミスポーツクラブ,本店,,ボディパンプ60,0,15:15,磯部 隼,
,コナミスポーツクラブ,本店,,ボディパンプ45,1,13:15,野邉 和輝,
,コナミスポーツクラブ,本店,,ボディパンプ45,3,20:30,松久 将一,
,コナミスポーツクラブ,目黒,,ボディパンプテック,4,18:40,小林 良太,
,コナミスポーツクラブ,目黒,,ボディパンプ60,2,20:20,大桃 良太,
,コナミスポーツクラブ,目黒,,ボディパンプ60,6,15:30,YOKO,
,コナミスポーツクラブ,目黒,,ボディパンプ45,3,20:45,藤後 勇爾,
,コナミスポーツクラブ,目黒,,ボディパンプ45,5,12:30,田上 岳,
,コナミスポーツクラブ,目黒,,ボディパンプ45,6,20:00,三代 学,
,コナミスポーツクラブ,目黒,,ボディパンプ45,0,11:55,土田 祐也,
,コナミスポーツクラブ,目黒,,ボディパンプ45,0,17:45,藤後 勇爾,
,コナミスポーツクラブ,目黒,,ボディパンプ30,3,16:10,藤後 勇爾,
,コナミスポーツクラブ,目黒,,ボディパンプ30,4,19:00,小林 良太,
,コナミスポーツクラブ,目黒,,ボディパンプ30,5,20:15,土田 祐也,
,コナミスポーツクラブ,恵比寿,,ボディパンプテック,2,10:15,齋藤 真紀,
,コナミスポーツクラブ,恵比寿,,ボディパンプテック,6,13:45,千葉 香織,
,コナミスポーツクラブ,恵比寿,,ボディパンプ60,1,20:45,齋藤 真紀,
,コナミスポーツクラブ,恵比寿,,ボディパンプ60,3,19:55,齋藤 真紀,
,コナミスポーツクラブ,恵比寿,,ボディパンプ60,6,14:00,千葉 香織,
,コナミスポーツクラブ,恵比寿,,ボディパンプ60,0,11:15,山崎 薫,
,コナミスポーツクラブ,恵比寿,,ボディパンプ60,0,15:45,齋藤 真紀,
,コナミスポーツクラブ,恵比寿,,ボディパンプ45,3,12:25,齋藤 真紀,
,コナミスポーツクラブ,恵比寿,,ボディパンプ30,2,10:30,齋藤 真紀,
,コナミスポーツクラブ,恵比寿,,ボディパンプ30,3,10:00,山崎 薫,
,コナミスポーツクラブ,恵比寿,,ボディパンプ30,4,10:00,山崎 薫,
,コナミスポーツクラブ,荻窪南口,,ボディパンプ60,1,18:45,青木重美【定員50名】,
,コナミスポーツクラブ,荻窪南口,,ボディパンプ60,2,13:30,IKUKO【定員50名】,
,コナミスポーツクラブ,荻窪南口,,ボディパンプ60,2,21:00,大久保祐子【定員50名】,
,コナミスポーツクラブ,荻窪南口,,ボディパンプ60,5,9:20,青木重美【定員50名】,
,コナミスポーツクラブ,荻窪南口,,ボディパンプ60,6,12:40,高尾周二郎【定員50名】,
,コナミスポーツクラブ,荻窪南口,,ボディパンプ45,5,20:00,田上岳【定員30名】,
,コナミスポーツクラブ,荻窪南口,,ボディパンプ45,0,14:10,川上達仙【定員50名】,
,コナミスポーツクラブ,武蔵境,,ボディパンプテック,1,19:10,【定員30名】西條 尚,
,コナミスポーツクラブ,武蔵境,,ボディパンプ60,5,21:00,【定員30名】西條 尚,
,コナミスポーツクラブ,武蔵境,,ボディパンプ60,0,13:25,【定員30名】関川 真吾,
,コナミスポーツクラブ,武蔵境,,ボディパンプ45,2,15:00,【定員30名】西條 尚,
,コナミスポーツクラブ,武蔵境,,ボディパンプ45,6,15:15,【定員30名】西條 尚,
,コナミスポーツクラブ,武蔵境,,ボディパンプ30,1,14:25,【定員17名】齋藤 瑞紀,
,コナミスポーツクラブ,武蔵境,,ボディパンプ30,1,19:25,【定員30名】西條 尚,
,コナミスポーツクラブ,武蔵境,,ボディパンプ30,2,21:15,【定員30名】中波 美穂,
,コナミスポーツクラブ,武蔵境,,ボディパンプ30,3,14:05,【定員17名】中波 美穂,
,コナミスポーツクラブ,自由が丘駅前,,ボディパンプテック,3,18:55,寺本 香純,
,コナミスポーツクラブ,自由が丘駅前,,ボディパンプ60,1,20:00,富士渓 静香,
,コナミスポーツクラブ,自由が丘駅前,,ボディパンプ60,0,17:20,【代行】當山清香,
,コナミスポーツクラブ,自由が丘駅前,,ボディパンプ45,2,12:55,富士渓 静香,
,コナミスポーツクラブ,自由が丘駅前,,ボディパンプ45,3,19:15,寺本 香純,
,コナミスポーツクラブ,自由が丘駅前,,ボディパンプ45,6,10:40,小林 勇樹,
,コナミスポーツクラブ,自由が丘駅前,,ボディパンプ30,1,14:30,當山 清香,
,コナミスポーツクラブ,自由が丘駅前,,ボディパンプ30,5,11:10,當山 清香,
,コナミスポーツクラブ,自由が丘駅前,,ボディパンプ30,6,17:25,寺本 香純,
,コナミスポーツクラブ,中野富士見町,,ボディパンプテック,2,21:05,岩橋 達也,
,コナミスポーツクラブ,中野富士見町,,ボディパンプ60,5,21:20,青葉 康史,
,コナミスポーツクラブ,中野富士見町,,ボディパンプ60,6,15:00,山崎 早苗,
,コナミスポーツクラブ,中野富士見町,,ボディパンプ60,0,12:45,佐久間 聡子,
,コナミスポーツクラブ,中野富士見町,,ボディパンプ45,2,21:20,岩橋 達也,
,コナミスポーツクラブ,中野富士見町,,ボディパンプ30,4,11:00,山崎 早苗,
,コナミスポーツクラブ,東松原,,ボディパンプ60,2,21:00,星工【定員24名】,
,コナミスポーツクラブ,東松原,,ボディパンプ60,4,15:20,高丸健史【定員24名】,
,コナミスポーツクラブ,東松原,,ボディパンプ60,4,20:30,大桃良太【定員24名】,
,コナミスポーツクラブ,東松原,,ボディパンプ60,6,16:25,星工【定員24名】,
,コナミスポーツクラブ,東松原,,ボディパンプ60,0,15:25,高丸健史【定員24名】,
,コナミスポーツクラブ,東松原,,ボディパンプ45,1,16:15,星工【定員24名】,
,コナミスポーツクラブ,東松原,,ボディパンプ45,5,16:10,内田英利【定員24名】,
,コナミスポーツクラブ,碑文谷,,ボディパンプテック,4,19:10,中村大介,
,コナミスポーツクラブ,碑文谷,,ボディパンプ60,1,21:20,中村大介【定員30名】,
,コナミスポーツクラブ,碑文谷,,ボディパンプ60,6,17:30,望月由美絵【定員30名】整理券,
,コナミスポーツクラブ,碑文谷,,ボディパンプ60,0,14:10,望月由美絵【定員30名】整理券,
,コナミスポーツクラブ,碑文谷,,ボディパンプ45,2,19:30,望月由美絵,
,コナミスポーツクラブ,碑文谷,,ボディパンプ45,5,11:15,佐藤拓巳(定員30名),
,コナミスポーツクラブ,碑文谷,,ボディパンプ45,6,12:50,中村大介【定員23名】,
,コナミスポーツクラブ,碑文谷,,ボディパンプ30,1,10:30,望月由美絵【定員23名】,
,コナミスポーツクラブ,碑文谷,,ボディパンプ30,4,15:00,望月由美絵,
,コナミスポーツクラブ,碑文谷,,ボディパンプ30,4,19:30,中村大介【定員30名】,
,コナミスポーツクラブ,成増,,ボディパンプテック,1,13:00,濱崎 隆司,
,コナミスポーツクラブ,成増,,ボディパンプ60,5,21:15,田中 健一,
,コナミスポーツクラブ,成増,,ボディパンプ60,0,15:00,田中 健一,
,コナミスポーツクラブ,成増,,ボディパンプ45,5,12:45,濱崎 隆司,
,コナミスポーツクラブ,成増,,ボディパンプ45,6,14:15,濱崎 隆司,
,コナミスポーツクラブ,成増,,ボディパンプ30,1,13:15,濱崎 隆司,
,コナミスポーツクラブ,渋谷,,ボディパンプテック,1,19:55,渡辺 健二,
,コナミスポーツクラブ,渋谷,,ボディパンプテック,3,11:50,渡辺 健二,
,コナミスポーツクラブ,渋谷,,ボディパンプテック,4,13:50,前畑行宏,
,コナミスポーツクラブ,渋谷,,ボディパンプ60,2,12:20,大桃 良太【整理券】定員27名,
,コナミスポーツクラブ,渋谷,,ボディパンプ60,4,14:05,前畑行宏,
,コナミスポーツクラブ,渋谷,,ボディパンプ60,6,15:00,前畑 行宏 【整理券】定員27名,
,コナミスポーツクラブ,渋谷,,ボディパンプ60,0,12:25,峯村 孝輔【整理券】定員27名,
,コナミスポーツクラブ,渋谷,,ボディパンプ45,1,12:30,山崎 貴博,
,コナミスポーツクラブ,渋谷,,ボディパンプ45,1,20:10,渡辺 健二,
,コナミスポーツクラブ,渋谷,,ボディパンプ45,2,21:35,内田 英利【整理券】定員27名,
,コナミスポーツクラブ,渋谷,,ボディパンプ45,3,20:45,大桃 良太【整理券 定員27名】,
,コナミスポーツクラブ,渋谷,,ボディパンプ30,3,12:05,渡辺 健二,
,コナミスポーツクラブ,蒲田,,ボディパンプ60,5,10:30,葛野 智子※定員35名,
,コナミスポーツクラブ,蒲田,,ボディパンプ60,5,20:30,大内 一真※定員35名,
,コナミスポーツクラブ,蒲田,,ボディパンプ60,6,16:00,大内 一真※定員35名,
,コナミスポーツクラブ,蒲田,,ボディパンプ60,0,11:45,TOSSY※定員35名※整理券あり,
,コナミスポーツクラブ,蒲田,,ボディパンプ30,3,18:30,葛野 智子※定員35名,
,コナミスポーツクラブ,蒲田,,ボディパンプ30,5,18:00,大内 一真※定員35名,
,コナミスポーツクラブ,大森町,,ボディパンプ60,3,10:45,内山智章,
,コナミスポーツクラブ,大森町,,ボディパンプ60,4,15:15,内山佳奈子,
,コナミスポーツクラブ,大森町,,ボディパンプ60,5,19:45,内山 智章,
,コナミスポーツクラブ,大森町,,ボディパンプ60,0,13:00,佐藤拓郎(35名整理券),
,コナミスポーツクラブ,大森町,,ボディパンプ45,6,11:30,渡邉俊祐,
,コナミスポーツクラブ,大森町,,ボディパンプ30,3,18:30,青木 恵,
,コナミスポーツクラブ,大山,,ボディパンプ60,2,11:15,淺沼 智博,
,コナミスポーツクラブ,大山,,ボディパンプ60,3,20:45,高木 麻巳子,
,コナミスポーツクラブ,大山,,ボディパンプ60,0,16:45,溝口 航平,
,コナミスポーツクラブ,大山,,ボディパンプ45,4,10:30,淺沼 智博,
,コナミスポーツクラブ,大山,,ボディパンプ45,6,16:45,高木 麻巳子,
,コナミスポーツクラブ,大山,,ボディパンプ30,1,15:40,淺沼 智博,
,コナミスポーツクラブ,大山,,ボディパンプ30,1,20:45,溝口 航平,
,コナミスポーツクラブ,大山,,ボディパンプ30,3,15:15,高木 麻巳子,
,コナミスポーツクラブ,大山,,ボディパンプ30,0,11:30,淺沼 智博,
,コナミスポーツクラブ,横須賀,,ボディパンプ60,2,12:45,清水 昌史,
,コナミスポーツクラブ,横須賀,,ボディパンプ60,4,20:30,飛澤 翔,
,コナミスポーツクラブ,横須賀,,ボディパンプ60,0,14:15,飛澤 翔,
,コナミスポーツクラブ,横須賀,,ボディパンプ30,2,18:30,飛澤 翔,
,コナミスポーツクラブ,橋本,,ボディパンプ60,2,21:00,片岡輝,
,コナミスポーツクラブ,橋本,,ボディパンプ60,0,13:30,片岡輝,
,コナミスポーツクラブ,橋本,,ボディパンプ45,3,10:15,片岡輝,
,コナミスポーツクラブ,厚木,,ボディパンプテック,0,13:55,菅生 拓也,
,コナミスポーツクラブ,厚木,,ボディパンプ60,2,19:30,志村 宏喜,
,コナミスポーツクラブ,厚木,,ボディパンプ60,5,21:30,ボディパンプインストラクター,
,コナミスポーツクラブ,厚木,,ボディパンプ60,6,12:30,志村 宏喜,
,コナミスポーツクラブ,厚木,,ボディパンプ60,0,14:10,菅生 拓也,
,コナミスポーツクラブ,厚木,,ボディパンプ45,1,12:25,大島 愛美,
,コナミスポーツクラブ,相模大野,,ボディパンプ60,1,20:15,萬年 剛規,
,コナミスポーツクラブ,相模大野,,ボディパンプ60,4,10:30,萬年 剛規,
,コナミスポーツクラブ,相模大野,,ボディパンプ60,6,12:40,萬年 剛規,
,コナミスポーツクラブ,相模大野,,ボディパンプ60,0,11:15,三木 晴果,
,コナミスポーツクラブ,相模大野,,ボディパンプ45,2,11:55,(定員20名)萬年 剛規,
,コナミスポーツクラブ,天王町,,ボディパンプ60,3,20:45,織江聡子(定員制),
,コナミスポーツクラブ,天王町,,ボディパンプ60,6,12:10,古川 祥久,
,コナミスポーツクラブ,天王町,,ボディパンプ45,1,13:15,織江 聡子(定員制),
,コナミスポーツクラブ,天王町,,ボディパンプ45,0,14:30,古川 祥久,
,コナミスポーツクラブ,天王町,,ボディパンプ30,2,19:15,織江聡子,
,コナミスポーツクラブ,青葉台,,ボディパンプ60,4,13:35,福澤 利郎【整理券】,
,コナミスポーツクラブ,青葉台,,ボディパンプ60,4,20:45,島村 由紀,
,コナミスポーツクラブ,青葉台,,ボディパンプ60,5,16:00,池田 賢司,
,コナミスポーツクラブ,青葉台,,ボディパンプ60,6,14:35,島村 由紀【整理券】,
,コナミスポーツクラブ,青葉台,,ボディパンプ60,0,13:05,池田 賢司【整理券】,
,コナミスポーツクラブ,青葉台,,ボディパンプ45,1,20:30,島村 由紀,
,コナミスポーツクラブ,青葉台,,ボディパンプ30,1,10:20,池田 賢司【スタジオ拡張】,
,コナミスポーツクラブ,青葉台,,ボディパンプ30,3,18:40,島村 由紀,
,コナミスポーツクラブ,青葉台,,ボディパンプ30,4,10:15,池田 賢司,
,コナミスポーツクラブ,海老名,,ボディパンプ60,1,20:20,川渕亮太,
,コナミスポーツクラブ,海老名,,ボディパンプ60,4,20:20,白井慶,
,コナミスポーツクラブ,海老名,,ボディパンプ60,6,19:20,白井慶,
,コナミスポーツクラブ,海老名,,ボディパンプ45,3,13:30,吉岡さやか,
,コナミスポーツクラブ,洋光台,,ボディパンプテック,3,11:15,本城 愛実【整理券】,
,コナミスポーツクラブ,洋光台,,ボディパンプ60,4,20:30,白濱 美由紀,
,コナミスポーツクラブ,洋光台,,ボディパンプ60,5,12:05,【整理券】本城 愛実,
,コナミスポーツクラブ,洋光台,,ボディパンプ60,6,11:15,【整理券】鈴木美由紀,
,コナミスポーツクラブ,洋光台,,ボディパンプ60,0,14:15,【整理券】鈴木 美由紀,
,コナミスポーツクラブ,洋光台,,ボディパンプ45,3,11:35,本城 愛実【整理券】,
,コナミスポーツクラブ,洋光台,,ボディパンプ45,5,19:30,【整理券】鈴木 美由紀,
,コナミスポーツクラブ,武蔵小杉,,ボディパンプ60,1,20:00,宇野 明訓,
,コナミスポーツクラブ,武蔵小杉,,ボディパンプ60,2,19:45,宇野 賢明,
,コナミスポーツクラブ,武蔵小杉,,ボディパンプ60,4,15:15,渡辺 律子,
,コナミスポーツクラブ,武蔵小杉,,ボディパンプ60,4,19:00,萩原 悟,
,コナミスポーツクラブ,武蔵小杉,,ボディパンプ60,6,11:45,大坂 勇武,
,コナミスポーツクラブ,武蔵小杉,,ボディパンプ60,0,11:15,渡辺 律子,
,コナミスポーツクラブ,武蔵小杉,,ボディパンプ60,0,16:00,宇野 賢明,
,コナミスポーツクラブ,武蔵小杉,,ボディパンプ45,2,11:10,加藤 由美,
,コナミスポーツクラブ,武蔵小杉,,ボディパンプ30,3,19:00,渋澤 有理子,
,コナミスポーツクラブ,三ツ境,,ボディパンプ60,3,20:15,田井 誠士,
,コナミスポーツクラブ,三ツ境,,ボディパンプ30,1,13:15,南 朋,
,コナミスポーツクラブ,三ツ境,,ボディパンプ30,2,13:15,田井 誠士,
,コナミスポーツクラブ,横浜,,ボディパンプ60,1,13:50,中島 身和,
,コナミスポーツクラブ,横浜,,ボディパンプ60,1,21:00,坂本 拓音,
,コナミスポーツクラブ,横浜,,ボディパンプ60,5,12:50,黒山 祐三郎,
,コナミスポーツクラブ,横浜,,ボディパンプ60,5,22:15,松田 淳一,
,コナミスポーツクラブ,横浜,,ボディパンプ60,6,15:15,中島 身和,
,コナミスポーツクラブ,横浜,,ボディパンプ60,0,17:20,坂本 拓音,
,コナミスポーツクラブ,横浜,,ボディパンプ45,3,14:10,高原 朋子,
,コナミスポーツクラブ,川崎アネックス,,ボディパンプ60,1,21:05,松尾 優輝 【整理券34名】,
,コナミスポーツクラブ,川崎アネックス,,ボディパンプ60,2,11:15,原田 雄輔【整理券34名】,
,コナミスポーツクラブ,川崎アネックス,,ボディパンプ60,3,13:40,谷川 勇樹 【整理券34名】,
,コナミスポーツクラブ,川崎アネックス,,ボディパンプ60,6,15:10,谷川 勇樹【整理券34名】,
,コナミスポーツクラブ,上大岡,,ボディパンプテック,0,12:55,高山 義和,
,コナミスポーツクラブ,上大岡,,ボディパンプ60,5,20:15,鷹野 路子,
,コナミスポーツクラブ,上大岡,,ボディパンプ60,6,19:35,鷹野 路子,
,コナミスポーツクラブ,上大岡,,ボディパンプ60,0,13:15,高山 義和,
,コナミスポーツクラブ,上大岡,,ボディパンプ45,1,19:25,白濱 美由紀,
,コナミスポーツクラブ,上大岡,,ボディパンプ45,2,12:15,鷹野 路子,
,コナミスポーツクラブ,上大岡,,ボディパンプ45,2,20:45,高山 義和,
,コナミスポーツクラブ,上大岡,,ボディパンプ45,3,15:30,高山 義和,
,コナミスポーツクラブ,上大岡,,ボディパンプ30,3,20:40,白濱 美由紀,
,コナミスポーツクラブ,中央林間,,ボディパンプテック,1,11:15,久保 亘(定員20名),
,コナミスポーツクラブ,中央林間,,ボディパンプテック,5,19:45,鵜川 和之(定員35名),
,コナミスポーツクラブ,中央林間,,ボディパンプ60,3,12:10,根本 卓実(定員35名),
,コナミスポーツクラブ,中央林間,,ボディパンプ60,4,20:30,新井 麻里(定員20名),
,コナミスポーツクラブ,中央林間,,ボディパンプ60,0,15:30,新井 麻里(定員35名),
,コナミスポーツクラブ,中央林間,,ボディパンプ45,1,11:30,久保 亘(定員20名),
,コナミスポーツクラブ,中央林間,,ボディパンプ45,1,19:45,鵜川 和之(定員35名),
,コナミスポーツクラブ,中央林間,,ボディパンプ45,5,11:30,久保 亘(定員20名),
,コナミスポーツクラブ,中央林間,,ボディパンプ45,6,9:00,大久保 昌哉(定員35名),
,コナミスポーツクラブ,中央林間,,ボディパンプ30,5,20:00,鵜川 和之(定員35名),
,コナミスポーツクラブ,川崎,,ボディパンプ60,3,21:25,松尾 優輝,
,コナミスポーツクラブ,川崎,,ボディパンプ60,4,18:40,鈴木 良介,
,コナミスポーツクラブ,川崎,,ボディパンプ60,5,11:45,佐藤 友梨,
,コナミスポーツクラブ,川崎,,ボディパンプ60,6,16:15,松尾 優輝,
,コナミスポーツクラブ,川崎,,ボディパンプ60,0,12:40,原田 雄輔,
,コナミスポーツクラブ,川崎,,ボディパンプ45,1,22:30,清野 英記,
,コナミスポーツクラブ,新百合ヶ丘,,ボディパンプ60,5,11:30,深田 剛,
,コナミスポーツクラブ,新百合ヶ丘,,ボディパンプ60,5,20:15,文傳 恵里加,
,コナミスポーツクラブ,新百合ヶ丘,,ボディパンプ60,6,11:50,岩永 聡,
,コナミスポーツクラブ,新百合ヶ丘,,ボディパンプ60,6,18:35,大濱 千裕,
,コナミスポーツクラブ,新百合ヶ丘,,ボディパンプ60,0,12:00,小島 有史,
,コナミスポーツクラブ,新百合ヶ丘,,ボディパンプ45,1,21:30,大濱 千裕,
,コナミスポーツクラブ,新百合ヶ丘,,ボディパンプ45,4,19:15,岩永 聡,
,コナミスポーツクラブ,新百合ヶ丘,,ボディパンプ30,0,18:15,文傳 惠里加,
,コナミスポーツクラブ,たまプラーザ,,ボディパンプテック,2,13:55,山本愛美,
,コナミスポーツクラブ,たまプラーザ,,ボディパンプテック,6,18:40,船生勝斗,
,コナミスポーツクラブ,たまプラーザ,,ボディパンプテック,0,17:20,古閑美咲,
,コナミスポーツクラブ,たまプラーザ,,ボディパンプ60,3,21:25,古閑美咲,
,コナミスポーツクラブ,たまプラーザ,,ボディパンプ60,0,17:35,古閑美咲,
,コナミスポーツクラブ,たまプラーザ,,ボディパンプ45,2,14:10,山本愛美,
,コナミスポーツクラブ,たまプラーザ,,ボディパンプ30,5,16:10,割栢大介,
,コナミスポーツクラブ,たまプラーザ,,ボディパンプ30,6,18:55,船生勝斗,
,コナミスポーツクラブ,希望が丘,,ボディパンプ60,2,20:35,佐藤 美澄,
,コナミスポーツクラブ,希望が丘,,ボディパンプ45,4,12:30,宇津木 潤,
,コナミスポーツクラブ,希望が丘,,ボディパンプ45,4,21:15,味園 亮太,
,コナミスポーツクラブ,希望が丘,,ボディパンプ45,6,15:30,佐藤 美澄,
,コナミスポーツクラブ,希望が丘,,ボディパンプ45,0,12:00,味園 亮太,
,コナミスポーツクラブ,磯子,,ボディパンプ60,0,15:10,白濱美由紀,
,コナミスポーツクラブ,磯子,,ボディパンプ45,2,21:45,白濱美由紀,
,コナミスポーツクラブ,磯子,,ボディパンプ45,5,20:25,菊地誉,
,コナミスポーツクラブ,磯子,,ボディパンプ45,6,18:00,白濱美由紀,
,コナミスポーツクラブ,磯子,,ボディパンプ30,3,12:00,白濱美由紀,
,コナミスポーツクラブ,山下町,,ボディパンプテック,4,11:45,白濱 美由紀,
,コナミスポーツクラブ,山下町,,ボディパンプテック,4,19:10,白濱 美由紀,
,コナミスポーツクラブ,山下町,,ボディパンプ60,1,11:45,白濱 美由紀,
,コナミスポーツクラブ,山下町,,ボディパンプ60,2,20:15,鈴木 美由紀(洋光台),
,コナミスポーツクラブ,山下町,,ボディパンプ60,0,11:45,白濱 美由紀,
,コナミスポーツクラブ,山下町,,ボディパンプ45,5,13:30,三井 一正,
,コナミスポーツクラブ,山下町,,ボディパンプ35,2,15:30,白濱 美由紀,
,コナミスポーツクラブ,山下町,,ボディパンプ35,4,12:00,白濱 美由紀,
,コナミスポーツクラブ,山下町,,ボディパンプ35,4,19:25,白濱 美由紀,
,コナミスポーツクラブ,市川,,ボディパンプ60,1,11:35,池内 一裕,
,コナミスポーツクラブ,市川,,ボディパンプ60,1,21:30,牧 英恵,
,コナミスポーツクラブ,市川,,ボディパンプ60,2,13:45,佐藤 明子,
,コナミスポーツクラブ,市川,,ボディパンプ60,5,20:30,折橋 達矢,
,コナミスポーツクラブ,市川,,ボディパンプ60,6,13:30,折橋 達矢,
,コナミスポーツクラブ,市川,,ボディパンプ60,0,12:45,牧 英恵,
,コナミスポーツクラブ,市川,,ボディパンプ45,4,15:30,善幸 いづみ,
,コナミスポーツクラブ,市川,,ボディパンプ45,4,19:30,佐藤 明子,
,コナミスポーツクラブ,市川,,ボディパンプ30,5,13:25,牧 英恵,
,コナミスポーツクラブ,五井,,ボディパンプ60,3,12:00,山本 麻美,
,コナミスポーツクラブ,五井,,ボディパンプ60,4,20:45,田鎖 健太,
,コナミスポーツクラブ,五井,,ボディパンプ60,5,11:45,山本 麻美,
,コナミスポーツクラブ,五井,,ボディパンプ60,6,12:00,田鎖 健太,
,コナミスポーツクラブ,五井,,ボディパンプ45,3,19:15,岩間 利香,
,コナミスポーツクラブ,五井,,ボディパンプ45,5,21:15,横田 葉子,
,コナミスポーツクラブ,妙典,,ボディパンプテック,2,11:10,三浦 博之,
,コナミスポーツクラブ,妙典,,ボディパンプテック,2,19:10,海老井 麻貴,
,コナミスポーツクラブ,妙典,,ボディパンプテック,5,20:00,海老井 麻貴,
,コナミスポーツクラブ,妙典,,ボディパンプ60,1,10:30,齋藤 貴宏,
,コナミスポーツクラブ,妙典,,ボディパンプ60,3,13:00,井上 大輔,
,コナミスポーツクラブ,妙典,,ボディパンプ60,5,20:15,海老井 麻貴,
,コナミスポーツクラブ,妙典,,ボディパンプ60,6,17:00,井上 大輔,
,コナミスポーツクラブ,妙典,,ボディパンプ60,0,11:45,笹俣 文江,
,コナミスポーツクラブ,妙典,,ボディパンプ45,1,20:30,望月 由美絵,
,コナミスポーツクラブ,妙典,,ボディパンプ45,2,11:25,三浦 博之,
,コナミスポーツクラブ,妙典,,ボディパンプ45,2,19:25,海老井 麻貴,
,コナミスポーツクラブ,五香,,ボディパンプ60,1,10:45,森 智史,
,コナミスポーツクラブ,五香,,ボディパンプ60,6,15:15,中村 哲也,
,コナミスポーツクラブ,五香,,ボディパンプ60,0,14:00,曳地 未央子,
,コナミスポーツクラブ,五香,,ボディパンプ45,1,19:45,辺見 和弘,
,コナミスポーツクラブ,五香,,ボディパンプ45,3,20:45,曳地 未央子,
,コナミスポーツクラブ,五香,,ボディパンプ45,5,10:40,曳地 未央子,
,コナミスポーツクラブ,五香,,ボディパンプ45,5,20:40,森 智史,
,コナミスポーツクラブ,五香,,ボディパンプ45,6,10:30,沢田 文,
,コナミスポーツクラブ,五香,,ボディパンプ30,3,15:35,沢田 文,
,コナミスポーツクラブ,船橋,,ボディパンプテック,1,19:15,笹俣 文江,
,コナミスポーツクラブ,船橋,,ボディパンプテック,6,12:55,行待 範子,
,コナミスポーツクラブ,船橋,,ボディパンプ60,1,11:30,大谷 佳子,
,コナミスポーツクラブ,船橋,,ボディパンプ60,4,21:15,根本 勝夫,
,コナミスポーツクラブ,船橋,,ボディパンプ60,6,17:45,玉置 志乃,
,コナミスポーツクラブ,船橋,,ボディパンプ60,0,17:05,笹俣 文江,
,コナミスポーツクラブ,船橋,,ボディパンプ45,1,19:30,笹俣 文江,
,コナミスポーツクラブ,船橋,,ボディパンプ45,3,11:45,行待 範子,
,コナミスポーツクラブ,船橋,,ボディパンプ45,4,14:45,大谷 佳子,
,コナミスポーツクラブ,船橋,,ボディパンプ30,6,13:10,行待 範子,
,コナミスポーツクラブ,津田沼奏の杜,,ボディパンプ60,6,13:45,石毛 択海 ※定員30名,
,コナミスポーツクラブ,津田沼奏の杜,,ボディパンプ60,6,17:45,塩田 友美 ※定員30名,
,コナミスポーツクラブ,津田沼奏の杜,,ボディパンプ60,0,13:45,塩田 友美 ※定員30名,
,コナミスポーツクラブ,津田沼奏の杜,,ボディパンプ60,0,17:45,塩田 友美 ※定員30名,
,コナミスポーツクラブ,津田沼奏の杜,,ボディパンプ45,1,11:00,石毛 択海 ※定員30名,
,コナミスポーツクラブ,津田沼奏の杜,,ボディパンプ45,2,11:00,本江 直也 ※定員30名,
,コナミスポーツクラブ,津田沼奏の杜,,ボディパンプ45,3,11:00,【代行】折橋 達也 ※定員30名,
,コナミスポーツクラブ,津田沼奏の杜,,ボディパンプ45,5,11:00,【代行】池内 一裕 ※定員30名,
,コナミスポーツクラブ,津田沼奏の杜,,ボディパンプ45,6,9:45,本江 直也 ※定員30名,
,コナミスポーツクラブ,津田沼奏の杜,,ボディパンプ45,0,9:45,石毛 択海 ※定員30名,
,コナミスポーツクラブ,津田沼奏の杜,,ボディパンプ30,1,21:00,石毛 択海 ※定員30名,
,コナミスポーツクラブ,津田沼奏の杜,,ボディパンプ30,2,21:00,塩田 友美,
,コナミスポーツクラブ,津田沼奏の杜,,ボディパンプ30,3,21:00,石毛 択海,
,コナミスポーツクラブ,津田沼奏の杜,,ボディパンプ30,5,21:00,塩田 友美 ※定員30名,
,コナミスポーツクラブ,津田沼,,ボディパンプ60,1,15:15,狩俣 雅人,
,コナミスポーツクラブ,津田沼,,ボディパンプ60,3,21:30,横田 昌佳,
,コナミスポーツクラブ,津田沼,,ボディパンプ60,6,14:00,横田 昌佳,
,コナミスポーツクラブ,津田沼,,ボディパンプ60,0,10:45,工藤 真,
,コナミスポーツクラブ,津田沼,,ボディパンプ60,0,15:00,安田 雄二,
,コナミスポーツクラブ,津田沼,,ボディパンプ30,5,16:35,善幸 いづみ,
,コナミスポーツクラブ,西船橋,,ボディパンプ60,3,19:45,清水 雄一,
,コナミスポーツクラブ,西船橋,,ボディパンプ60,6,12:50,今泉 拓馬,
,コナミスポーツクラブ,西船橋,,ボディパンプ45,1,12:45,今泉 拓馬,
,コナミスポーツクラブ,西船橋,,ボディパンプ45,1,19:00,清水 雄一,
,コナミスポーツクラブ,西船橋,,ボディパンプ45,4,15:00,今泉 拓馬,
,コナミスポーツクラブ,西船橋,,ボディパンプ45,4,21:15,笹俣 文江,
,コナミスポーツクラブ,下総中山,,ボディパンプ60,1,20:05,大桃良太,
,コナミスポーツクラブ,下総中山,,ボディパンプ60,2,19:20,堀内幸司,
,コナミスポーツクラブ,下総中山,,ボディパンプ60,6,9:30,藤沢直江,
,コナミスポーツクラブ,下総中山,,ボディパンプ60,0,11:40,堀内幸司,
,コナミスポーツクラブ,下総中山,,ボディパンプ45,3,12:45,有馬裕子,
,コナミスポーツクラブ,下総中山,,ボディパンプ45,3,21:30,堀内幸司,
,コナミスポーツクラブ,下総中山,,ボディパンプ45,5,10:30,有馬裕子,
,コナミスポーツクラブ,下総中山,,ボディパンプ45,6,16:35,菅野義浩,
,コナミスポーツクラブ,稲毛,,ボディパンプ60,3,12:10,寺田 郁美,
,コナミスポーツクラブ,稲毛,,ボディパンプ60,4,20:30,中島 真由美,
,コナミスポーツクラブ,稲毛,,ボディパンプ60,6,17:10,杉崎 茉里香,
,コナミスポーツクラブ,稲毛,,ボディパンプ45,1,11:40,土屋 俊,
,コナミスポーツクラブ,稲毛,,ボディパンプ45,0,13:30,杉崎 茉里香,
,コナミスポーツクラブ,稲毛,,ボディパンプ30,3,19:15,杉崎 茉里香,
,コナミスポーツクラブ,稲毛,,ボディパンプ30,5,10:15,土屋 俊,
,コナミスポーツクラブ,ユーカリが丘,,ボディパンプテック,1,21:10,村田 英城,
,コナミスポーツクラブ,ユーカリが丘,,ボディパンプ60,1,12:15,尾花 直美,
,コナミスポーツクラブ,ユーカリが丘,,ボディパンプ60,5,20:15,寺嶋 一祐,
,コナミスポーツクラブ,ユーカリが丘,,ボディパンプ60,0,15:00,鈴木 裕己,
,コナミスポーツクラブ,ユーカリが丘,,ボディパンプ45,1,21:20,村田 英城,
,コナミスポーツクラブ,ユーカリが丘,,ボディパンプ45,5,12:10,村田 英城,
,コナミスポーツクラブ,ユーカリが丘,,ボディパンプ30,4,15:45,尾花 直美,
,コナミスポーツクラブ,北小金,,ボディパンプ60,1,13:25,守田 弥香,
,コナミスポーツクラブ,北小金,,ボディパンプ60,1,21:15,宇梶 成美,
,コナミスポーツクラブ,北小金,,ボディパンプ60,4,13:45,山岡 久通,
,コナミスポーツクラブ,北小金,,ボディパンプ60,5,21:30,宇梶 成美,
,コナミスポーツクラブ,北小金,,ボディパンプ60,6,13:50,冨田 拓紀,
,コナミスポーツクラブ,北小金,,ボディパンプ60,0,14:40,【代行】宇梶 成美,
,コナミスポーツクラブ,北小金,,ボディパンプ45,3,19:45,鎌倉 忠司,
,コナミスポーツクラブ,北小金,,ボディパンプ30,1,9:05,守田 弥香,
,コナミスポーツクラブ,都賀,,ボディパンプ60,1,13:35,安藤 真理,
,コナミスポーツクラブ,都賀,,ボディパンプ60,5,20:20,武内 将吾,
,コナミスポーツクラブ,都賀,,ボディパンプ60,6,11:40,大西 妙子,
,コナミスポーツクラブ,都賀,,ボディパンプ60,0,14:15,谷口 慶州,
,コナミスポーツクラブ,都賀,,ボディパンプ45,1,19:25,武内 将吾,
,コナミスポーツクラブ,都賀,,ボディパンプ45,3,12:25,武内 将吾,
,コナミスポーツクラブ,都賀,,ボディパンプ45,4,21:30,谷口 慶州,
,コナミスポーツクラブ,行田,,ボディパンプ60,0,12:45,田中 優江,
,コナミスポーツクラブ,行田,,ボディパンプ45,5,19:30,土肥 佑輔,
,コナミスポーツクラブ,行田,,ボディパンプ30,1,19:30,土肥 佑輔,
,コナミスポーツクラブ,行田,,ボディパンプ30,2,20:30,田中 優江,
,コナミスポーツクラブ,行田,,ボディパンプ30,4,11:45,田中 優江,
,コナミスポーツクラブ,行田,,ボディパンプ30,5,13:30,土肥 佑輔,
,コナミスポーツクラブ,狭山,,ボディパンプ45,1,20:40,日比野 衛(当日予約制),
,コナミスポーツクラブ,狭山,,ボディパンプ45,6,20:10,高橋 勇気(当日予約制),
,コナミスポーツクラブ,狭山,,ボディパンプ30,5,20:35,高橋 勇気(当日予約制),
,コナミスポーツクラブ,新座,,ボディパンプ60,4,19:45,石岡 俊樹,
,コナミスポーツクラブ,新座,,ボディパンプ45,1,12:45,石岡 俊樹,
,コナミスポーツクラブ,新座,,ボディパンプ45,3,21:40,田中 章裕,
,コナミスポーツクラブ,新座,,ボディパンプ45,4,11:30,梅本 由紀,
,コナミスポーツクラブ,新座,,ボディパンプ45,6,12:05,梅本 由紀,
,コナミスポーツクラブ,新座,,ボディパンプ45,6,18:25,田中 章裕,
,コナミスポーツクラブ,新座,,ボディパンプ30,0,13:15,梅本 由紀,
,コナミスポーツクラブ,北浦和,,ボディパンプ60,4,20:30,昆 直毅,
,コナミスポーツクラブ,北浦和,,ボディパンプ60,6,13:25,昆 直毅,
,コナミスポーツクラブ,北浦和,,ボディパンプ60,0,13:45,昆 直毅,
,コナミスポーツクラブ,北浦和,,ボディパンプ45,5,11:25,昆 直毅,
,コナミスポーツクラブ,所沢,,ボディパンプ60,1,11:50,大橋 彰,
,コナミスポーツクラブ,所沢,,ボディパンプ60,3,21:10,清水 佑希奈,
,コナミスポーツクラブ,所沢,,ボディパンプ60,6,12:25,横田 和明,
,コナミスポーツクラブ,川口,,ボディパンプ60,1,13:35,長須 俊祐,
,コナミスポーツクラブ,川口,,ボディパンプ60,3,20:15,星野 景子,
,コナミスポーツクラブ,川口,,ボディパンプ60,5,19:45,長須 俊裕,
,コナミスポーツクラブ,川口,,ボディパンプ60,6,15:00,長須 俊裕,
,コナミスポーツクラブ,川口,,ボディパンプ60,0,12:30,吉沢 有史,
,コナミスポーツクラブ,川口,,ボディパンプ45,4,12:40,吉沢 有史,
,コナミスポーツクラブ,川口,,ボディパンプ30,1,21:40,吉沢 有史,
,コナミスポーツクラブ,武蔵浦和,,ボディパンプ60,2,21:30,本橋 雅美,
,コナミスポーツクラブ,武蔵浦和,,ボディパンプ60,4,12:55,町田 知之,
,コナミスポーツクラブ,武蔵浦和,,ボディパンプ60,5,20:45,森澤 颯,
,コナミスポーツクラブ,武蔵浦和,,ボディパンプ60,6,17:55,森澤 颯,
,コナミスポーツクラブ,武蔵浦和,,ボディパンプ60,0,11:40,勝又 美佳,
,コナミスポーツクラブ,武蔵浦和,,ボディパンプ30,1,11:20,勝又 美佳,
,コナミスポーツクラブ,川越,,ボディパンプ60,4,20:45,星野 景子,
,コナミスポーツクラブ,川越,,ボディパンプ60,5,13:55,宮本 勝,
,コナミスポーツクラブ,川越,,ボディパンプ60,5,19:30,長谷川 寛人,
,コナミスポーツクラブ,川越,,ボディパンプ60,0,16:40,長谷川 寛人,
,コナミスポーツクラブ,川越,,ボディパンプ45,1,16:35,長谷川 寛人,
,コナミスポーツクラブ,川越,,ボディパンプ45,6,15:25,宮本勝,
,コナミスポーツクラブ,川越,,ボディパンプ30,3,12:50,長谷川 寛人,
,コナミスポーツクラブ,入間,,ボディパンプテック,1,19:00,藤本 大樹,
,コナミスポーツクラブ,入間,,ボディパンプテック,5,13:00,田中 利典,
,コナミスポーツクラブ,入間,,ボディパンプテック,0,14:40,会田 征司,
,コナミスポーツクラブ,入間,,ボディパンプ60,4,12:50,国澤 克美,
,コナミスポーツクラブ,入間,,ボディパンプ60,4,21:30,藤本 大樹,
,コナミスポーツクラブ,入間,,ボディパンプ60,6,19:30,会田 征司,
,コナミスポーツクラブ,入間,,ボディパンプ60,0,14:55,会田 征司,
,コナミスポーツクラブ,入間,,ボディパンプ45,1,10:30,田中 利典,
,コナミスポーツクラブ,入間,,ボディパンプ45,1,19:15,藤本 大樹,
,コナミスポーツクラブ,入間,,ボディパンプ35,5,13:20,田中 利典,
,コナミスポーツクラブ,入間,,ボディパンプ35,6,12:35,藤本 大樹,
,コナミスポーツクラブ,和光,,ボディパンプ60,3,20:15,後藤 拓,
,コナミスポーツクラブ,和光,,ボディパンプ60,6,13:45,後藤 拓,
,コナミスポーツクラブ,北上尾,,ボディパンプ60,1,10:15,安孫子 靖人【定員25】,
,コナミスポーツクラブ,北上尾,,ボディパンプ60,2,20:10,長谷川 裕子【定員50】,
,コナミスポーツクラブ,北上尾,,ボディパンプ60,5,21:25,井川 浩男【定員25】,
,コナミスポーツクラブ,北上尾,,ボディパンプ60,6,14:20,安孫子 靖人【定員50】,
,コナミスポーツクラブ,北上尾,,ボディパンプ60,0,16:50,森田 秀明【定員50】,
,コナミスポーツクラブ,北上尾,,ボディパンプ45,4,19:15,吉田 真貴【定員50】,
,コナミスポーツクラブ,北上尾,,ボディパンプ45,5,15:25,安孫子 靖人【定員25】,
,コナミスポーツクラブ,北上尾,,ボディパンプ45,6,9:50,吉田 真貴【定員50】,
,コナミスポーツクラブ,北上尾,,ボディパンプ45,0,12:00,週替わり【定員50】,
,コナミスポーツクラブ,北上尾,,ボディパンプ30,4,15:20,福澤 純平,
,コナミスポーツクラブ,西岡,,ボディパンプ60,0,15:00,【予約制】名辺田 貴宏,
,コナミスポーツクラブ,西岡,,ボディパンプ45,1,11:15,【予約制】名辺田 貴宏,
,コナミスポーツクラブ,西岡,,ボディパンプ45,4,21:45,【予約制】名辺田 貴宏,
,コナミスポーツクラブ,西岡,,ボディパンプ30,1,20:05,【予約制早坂 雄一,
,コナミスポーツクラブ,西岡,,ボディパンプ30,2,14:45,【予約制】早坂 雄一,
,コナミスポーツクラブ,西岡,,ボディパンプ30,4,14:10,【予約制】早坂 雄一,
,コナミスポーツクラブ,白石,,ボディパンプ60,3,13:45,若宮 昇平,
,コナミスポーツクラブ,白石,,ボディパンプ60,3,21:15,田中 雄輝,
,コナミスポーツクラブ,白石,,ボディパンプ60,6,16:45,田中 雄輝,
,コナミスポーツクラブ,白石,,ボディパンプ60,0,13:00,伊藤 宏希,
,コナミスポーツクラブ,白石,,ボディパンプ45,1,20:15,高橋 朋,
,コナミスポーツクラブ,白石,,ボディパンプ45,6,10:30,伊藤 宏希,
,コナミスポーツクラブ,白石,,ボディパンプ30,1,12:30,竹澤 潤哉,
,コナミスポーツクラブ,白石,,ボディパンプ30,4,19:00,若宮 昇平,
,コナミスポーツクラブ,白石,,ボディパンプ30,5,12:15,田中 雄輝,
,コナミスポーツクラブ,もいわ,,ボディパンプ60,1,13:00,戸田佳代子,
,コナミスポーツクラブ,もいわ,,ボディパンプ60,4,20:15,金山良平,
,コナミスポーツクラブ,もいわ,,ボディパンプ60,0,11:30,西村栄祐,
,コナミスポーツクラブ,もいわ,,ボディパンプ45,3,21:30,澤口聖,
,コナミスポーツクラブ,もいわ,,ボディパンプ30,1,18:30,西村栄祐,
,コナミスポーツクラブ,もいわ,,ボディパンプ30,3,13:30,金山良平,
,コナミスポーツクラブ,新札幌,,ボディパンプ60,5,20:10,柴野葉月,
,コナミスポーツクラブ,新札幌,,ボディパンプ60,6,14:00,青木良治・高橋輝竜,
,コナミスポーツクラブ,新札幌,,ボディパンプ45,1,11:30,青木良治,
,コナミスポーツクラブ,新札幌,,ボディパンプ45,1,19:15,朝妻勇翔,
,コナミスポーツクラブ,新札幌,,ボディパンプ45,4,12:30,今井幸平,
,コナミスポーツクラブ,新札幌,,ボディパンプ45,4,21:30,青木良治,
,コナミスポーツクラブ,旭川,,ボディパンプ60,3,12:30,佐賀 綾美,
,コナミスポーツクラブ,旭川,,ボディパンプ60,3,21:30,長澤 翔太,
,コナミスポーツクラブ,旭川,,ボディパンプ60,6,10:30,佐賀 綾美,
,コナミスポーツクラブ,旭川,,ボディパンプ60,0,15:00,飯田 香織,
,コナミスポーツクラブ,旭川,,ボディパンプ45,1,14:15,松永 倫佳,
,コナミスポーツクラブ,旭川,,ボディパンプ45,4,20:15,松永 倫佳,
,コナミスポーツクラブ,旭川,,ボディパンプ30,4,10:30,安田 由仁,
,コナミスポーツクラブ,札幌円山,,ボディパンプテック,1,18:30,西野和幸,
,コナミスポーツクラブ,札幌円山,,ボディパンプ60,1,11:45,水本慎一,
,コナミスポーツクラブ,札幌円山,,ボディパンプ60,3,12:40,伊藤公彦,
,コナミスポーツクラブ,札幌円山,,ボディパンプ60,4,19:50,瀬川大樹,
,コナミスポーツクラブ,札幌円山,,ボディパンプ60,5,21:00,高橋亮介,
,コナミスポーツクラブ,札幌円山,,ボディパンプ60,6,16:50,瀬川大樹,
,コナミスポーツクラブ,札幌円山,,ボディパンプ60,0,14:15,千葉真史,
,コナミスポーツクラブ,札幌円山,,ボディパンプ45,6,10:30,高橋亮介,
,コナミスポーツクラブ,札幌円山,,ボディパンプ30,1,18:50,西野和幸,
,コナミスポーツクラブ,札幌円山,,ボディパンプ30,4,14:40,西野和幸,
,コナミスポーツクラブ,札幌円山,,ボディパンプ30,5,13:45,水本慎一,
,コナミスポーツクラブ,札幌,,ボディパンプ60,1,11:30,伊藤 海,
,コナミスポーツクラブ,札幌,,ボディパンプ60,3,12:45,川端 亜沙子,
,コナミスポーツクラブ,札幌,,ボディパンプ60,3,19:15,山末 達也,
,コナミスポーツクラブ,札幌,,ボディパンプ60,4,13:40,川村 幸裕,
,コナミスポーツクラブ,札幌,,ボディパンプ60,6,13:00,担当インストラクター週替わり,
,コナミスポーツクラブ,札幌,,ボディパンプ45,5,18:15,山下 小百合,
,コナミスポーツクラブ,札幌,,ボディパンプ35,1,21:50,山末 達也,
,コナミスポーツクラブ,札幌,,ボディパンプ30,2,17:15,伊藤 海,
,コナミスポーツクラブ,大谷地,,ボディパンプ60,1,16:45,鈴木 卓也,
,コナミスポーツクラブ,大谷地,,ボディパンプ60,3,12:15,【担当週替わり】,
,コナミスポーツクラブ,大谷地,,ボディパンプ60,4,21:15,平田 啓吾,
,コナミスポーツクラブ,大谷地,,ボディパンプ60,6,14:00,逢坂 明美,
,コナミスポーツクラブ,大谷地,,ボディパンプ60,0,12:30,平田 啓悟,
,コナミスポーツクラブ,大谷地,,ボディパンプ45,2,19:15,平田 啓悟,
,コナミスポーツクラブ,大谷地,,ボディパンプ30,4,10:15,鈴木 卓也,
,コナミスポーツクラブ,東苗穂,,ボディパンプ60,1,10:15,三浦 健史,
,コナミスポーツクラブ,東苗穂,,ボディパンプ60,1,20:30,島野 翼,
,コナミスポーツクラブ,東苗穂,,ボディパンプ60,5,20:00,中村 充,
,コナミスポーツクラブ,東苗穂,,ボディパンプ45,3,19:00,島野 翼,
,コナミスポーツクラブ,東苗穂,,ボディパンプ45,5,12:15,三崎 直美,
,コナミスポーツクラブ,東苗穂,,ボディパンプ30,6,12:20,三浦 健史,
,コナミスポーツクラブ,小樽,,ボディパンプ60,1,12:50,伊藤 庸子,
,コナミスポーツクラブ,小樽,,ボディパンプ60,3,20:30,【週替り】,
,コナミスポーツクラブ,小樽,,ボディパンプ60,5,14:55,上田 真一,
,コナミスポーツクラブ,小樽,,ボディパンプ60,5,20:25,伊藤 庸子,
,コナミスポーツクラブ,小樽,,ボディパンプ60,0,14:30,高柳 淳人,
,コナミスポーツクラブ,小樽,,ボディパンプ45,1,19:20,佐伯 茉耶,
,コナミスポーツクラブ,小樽,,ボディパンプ30,3,11:25,佐伯 茉耶,
,コナミスポーツクラブ,北上,,ボディパンプテック,1,11:30,高橋敬一,
,コナミスポーツクラブ,北上,,ボディパンプ60,1,11:45,高橋敬一,
,コナミスポーツクラブ,北上,,ボディパンプ60,3,13:45,MEG,
,コナミスポーツクラブ,北上,,ボディパンプ60,4,18:30,佐藤広樹,
,コナミスポーツクラブ,北上,,ボディパンプ60,5,12:45,松本竜季,
,コナミスポーツクラブ,北上,,ボディパンプ60,6,13:00,佐藤広樹,
,コナミスポーツクラブ,北上,,ボディパンプ60,0,16:00,岩田索,
,コナミスポーツクラブ,北上,,ボディパンプ45,1,20:45,松本竜季,
,コナミスポーツクラブ,北上,,ボディパンプ45,5,19:30,高橋敬一,
,コナミスポーツクラブ,仙台長町,,ボディパンプ60,1,20:30,深野泰誠,
,コナミスポーツクラブ,仙台長町,,ボディパンプ60,3,20:15,原田大輔,
,コナミスポーツクラブ,仙台長町,,ボディパンプ60,5,19:15,深野泰誠,
,コナミスポーツクラブ,仙台長町,,ボディパンプ60,6,16:35,原田大輔,
,コナミスポーツクラブ,仙台長町,,ボディパンプ60,0,14:00,深野泰誠,
,コナミスポーツクラブ,仙台長町,,ボディパンプ45,3,13:15,鈴木三菜美,
,コナミスポーツクラブ,仙台長町,,ボディパンプ45,4,19:15,酒井孝真,
,コナミスポーツクラブ,仙台長町,,ボディパンプ30,1,13:30,酒井孝真,
,コナミスポーツクラブ,仙台長町,,ボディパンプ30,4,15:45,原田大輔,
,コナミスポーツクラブ,仙台長町,,ボディパンプ30,0,10:25,奥山和泉,
,コナミスポーツクラブ,下館,,ボディパンプ60,3,20:30,大槻露華,
,コナミスポーツクラブ,下館,,ボディパンプ60,6,15:50,白葉浩路,
,コナミスポーツクラブ,下館,,ボディパンプ60,0,13:55,田中香織,
,コナミスポーツクラブ,下館,,ボディパンプ45,3,12:35,田中香織,
,コナミスポーツクラブ,下館,,ボディパンプ45,5,12:30,白葉浩路,
,コナミスポーツクラブ,高崎,,ボディパンプ60,1,14:45,宮崎 泉,
,コナミスポーツクラブ,高崎,,ボディパンプ60,1,21:20,多胡 万里子,
,コナミスポーツクラブ,高崎,,ボディパンプ60,5,20:30,宮崎 泉,
,コナミスポーツクラブ,高崎,,ボディパンプ60,6,15:40,森田 秀明,
,コナミスポーツクラブ,高崎,,ボディパンプ60,0,15:40,藤生 亮,
,コナミスポーツクラブ,高崎,,ボディパンプ45,3,10:45,藤生 亮,
,コナミスポーツクラブ,長岡,,ボディパンプテック,5,19:00,八木 敬子,
,コナミスポーツクラブ,長岡,,ボディパンプ60,1,13:00,星 なつみ,
,コナミスポーツクラブ,長岡,,ボディパンプ60,4,21:00,関 太志,
,コナミスポーツクラブ,長岡,,ボディパンプ60,6,14:15,1・3・5週目八木敬子2・4週目星なつみ,
,コナミスポーツクラブ,長岡,,ボディパンプ45,5,19:15,八木 敬子,
,コナミスポーツクラブ,長岡,,ボディパンプ45,0,16:15,八木 敬子,
,コナミスポーツクラブ,長岡,,ボディパンプ30,2,16:00,八木 敬子,
,コナミスポーツクラブ,長岡,,ボディパンプ30,5,15:15,星 なつみ,
,コナミスポーツクラブ,新潟,,ボディパンプ60,3,13:55,佐藤 亜希,
,コナミスポーツクラブ,新潟,,ボディパンプ60,3,19:45,横浜 誠,
,コナミスポーツクラブ,新潟,,ボディパンプ60,6,11:40,桂 理代,
,コナミスポーツクラブ,新潟,,ボディパンプ60,0,10:45,高橋 満,
,コナミスポーツクラブ,新潟,,ボディパンプ45,1,11:50,桑原 泰之,
,コナミスポーツクラブ,新潟,,ボディパンプ45,1,18:45,吉井 俊浩,
,コナミスポーツクラブ,新潟,,ボディパンプ45,5,21:00,大沼 友和,
,コナミスポーツクラブ,大垣,,ボディパンプ60,1,14:15,町野 祐子,
,コナミスポーツクラブ,大垣,,ボディパンプ60,1,20:15,鈴木 貴登,
,コナミスポーツクラブ,大垣,,ボディパンプ60,6,12:30,松井 かほる,
,コナミスポーツクラブ,大垣,,ボディパンプ60,6,19:15,森山 真太朗,
,コナミスポーツクラブ,大垣,,ボディパンプ60,0,11:00,林 孝,
,コナミスポーツクラブ,大垣,,ボディパンプ45,4,19:15,鈴木 貴登,
,コナミスポーツクラブ,大垣,,ボディパンプ45,5,21:30,森山 真太朗,
,コナミスポーツクラブ,大垣,,ボディパンプ30,4,12:45,林 孝,
,コナミスポーツクラブ,岐阜,,ボディパンプ60,1,13:10,横井 俊之,
,コナミスポーツクラブ,岐阜,,ボディパンプ60,1,22:00,三島 万祐子,
,コナミスポーツクラブ,岐阜,,ボディパンプ60,5,13:10,三島 万祐子,
,コナミスポーツクラブ,岐阜,,ボディパンプ60,5,20:05,中川 拓磨,
,コナミスポーツクラブ,岐阜,,ボディパンプ60,0,12:05,中川 拓磨,
,コナミスポーツクラブ,岐阜,,ボディパンプ45,3,19:00,横井 俊之,
,コナミスポーツクラブ,岐阜,,ボディパンプ45,4,19:00,横井 俊之,
,コナミスポーツクラブ,岐阜,,ボディパンプ45,6,10:30,三島 万祐子,
,コナミスポーツクラブ,岐阜,,ボディパンプ45,6,19:10,横井 俊之,
,コナミスポーツクラブ,岐阜,,ボディパンプ30,3,12:20,三島 万祐子,
,コナミスポーツクラブ,浜松,,ボディパンプ60,1,10:45,鎌倉 美佳,
,コナミスポーツクラブ,浜松,,ボディパンプ60,1,20:15,片岡 航平,
,コナミスポーツクラブ,浜松,,ボディパンプ60,3,10:45,藤田 雄樹,
,コナミスポーツクラブ,浜松,,ボディパンプ60,3,21:30,片岡 航平,
,コナミスポーツクラブ,浜松,,ボディパンプ60,4,19:15,藤田 雄樹,
,コナミスポーツクラブ,浜松,,ボディパンプ60,5,10:45,中村 佳代子,
,コナミスポーツクラブ,浜松,,ボディパンプ60,6,13:00,鎌倉 美佳,
,コナミスポーツクラブ,浜松,,ボディパンプ60,0,10:30,竹本 恭子,
,コナミスポーツクラブ,浜松,,ボディパンプ30,5,21:30,大石 剛史,
,コナミスポーツクラブ,静岡,,ボディパンプ60,1,10:00,大石茉央,
,コナミスポーツクラブ,静岡,,ボディパンプ60,1,20:15,杉山佑介,
,コナミスポーツクラブ,静岡,,ボディパンプ60,4,14:15,大石茉央,
,コナミスポーツクラブ,静岡,,ボディパンプ60,4,21:30,杉山佑介,
,コナミスポーツクラブ,静岡,,ボディパンプ60,6,14:30,大石茉央,
,コナミスポーツクラブ,静岡,,ボディパンプ60,0,10:30,杉山佑介,
,コナミスポーツクラブ,いりなか,,ボディパンプ60,1,12:30,松崎 翼,
,コナミスポーツクラブ,いりなか,,ボディパンプ60,3,22:30,坂本 存,
,コナミスポーツクラブ,いりなか,,ボディパンプ60,4,13:15,松崎 翼,
,コナミスポーツクラブ,いりなか,,ボディパンプ60,6,13:45,加藤 洋子,
,コナミスポーツクラブ,いりなか,,ボディパンプ60,0,15:45,尾崎 克仁,
,コナミスポーツクラブ,いりなか,,ボディパンプ45,1,19:00,坂本 存,
,コナミスポーツクラブ,いりなか,,ボディパンプ45,4,19:15,加藤 洋子,
,コナミスポーツクラブ,鳴海山下,,ボディパンプ60,1,20:15,永江 大志,
,コナミスポーツクラブ,鳴海山下,,ボディパンプ60,5,21:30,後藤 真也,
,コナミスポーツクラブ,鳴海山下,,ボディパンプ60,6,17:00,後藤 真也,
,コナミスポーツクラブ,鳴海山下,,ボディパンプ45,1,13:30,小村 真耶,
,コナミスポーツクラブ,星ヶ丘,,ボディパンプテック,4,11:40,【代行】小川 博章(一宮),
,コナミスポーツクラブ,星ヶ丘,,ボディパンプ60,1,20:10,津野 光太郎,
,コナミスポーツクラブ,星ヶ丘,,ボディパンプ60,4,12:00,【代行】小川 博章(一宮),
,コナミスポーツクラブ,星ヶ丘,,ボディパンプ60,6,13:50,津野 光太郎,
,コナミスポーツクラブ,星ヶ丘,,ボディパンプ45,3,21:50,西本 匡宏,
,コナミスポーツクラブ,星ヶ丘,,ボディパンプ45,5,15:35,川本 友子,
,コナミスポーツクラブ,栄,,ボディパンプ60,1,20:20,星野 克典,
,コナミスポーツクラブ,栄,,ボディパンプ60,5,15:40,星野 克典,
,コナミスポーツクラブ,栄,,ボディパンプ60,5,21:20,伊藤 慎,
,コナミスポーツクラブ,栄,,ボディパンプ60,0,15:20,松浦 健二,
,コナミスポーツクラブ,栄,,ボディパンプ45,6,17:30,山内 啓子,
,コナミスポーツクラブ,栄,,ボディパンプ30,2,18:15,山内 啓子,
,コナミスポーツクラブ,栄,,ボディパンプ30,3,13:35,松浦 健二,
,コナミスポーツクラブ,勝川,,ボディパンプ60,1,21:30,篠田 かほる,
,コナミスポーツクラブ,勝川,,ボディパンプ60,3,14:45,鈴木 めぐみ,
,コナミスポーツクラブ,勝川,,ボディパンプ60,4,11:35,向井 いくよ,
,コナミスポーツクラブ,勝川,,ボディパンプ60,4,20:30,岩崎 泰子,
,コナミスポーツクラブ,勝川,,ボディパンプ60,0,13:00,越 隆行,
,コナミスポーツクラブ,勝川,,ボディパンプ45,6,15:15,越 隆行,
,コナミスポーツクラブ,豊田,,ボディパンプ60,6,11:00,川上 文子,
,コナミスポーツクラブ,豊田,,ボディパンプ45,1,19:30,倉橋明美,
,コナミスポーツクラブ,豊田,,ボディパンプ30,4,20:30,安藤雅偉,
,コナミスポーツクラブ,蒲郡,,ボディパンプ60,1,20:40,木下 千鶴,
,コナミスポーツクラブ,蒲郡,,ボディパンプ35,2,14:55,倉橋 明美,
,コナミスポーツクラブ,豊田南,,ボディパンプ60,5,21:15,島袋大輔,
,コナミスポーツクラブ,豊田南,,ボディパンプ60,0,13:30,島袋大輔,
,コナミスポーツクラブ,豊田南,,ボディパンプ45,1,20:00,川上文子,
,コナミスポーツクラブ,豊田南,,ボディパンプ45,4,19:00,小西真奈味,
,コナミスポーツクラブ,豊田南,,ボディパンプ30,3,21:45,川上文子,
,コナミスポーツクラブ,豊田南,,ボディパンプ30,5,15:10,竹内あゆみ,
,コナミスポーツクラブ,岡崎,,ボディパンプ60,3,15:30,岸川 竜馬,
,コナミスポーツクラブ,岡崎,,ボディパンプ60,0,14:45,岸川 竜馬,
,コナミスポーツクラブ,岡崎,,ボディパンプ45,1,14:00,岸川 竜馬,
,コナミスポーツクラブ,岡崎,,ボディパンプ45,1,19:30,岸川 竜馬,
,コナミスポーツクラブ,岡崎,,ボディパンプ45,6,19:45,岸川 竜馬,
,コナミスポーツクラブ,植田,,ボディパンプ60,2,18:30,桜井 要(整理券18:00～配布),
,コナミスポーツクラブ,植田,,ボディパンプ60,6,12:30,岩藤 利之(整理券12:00～配布),
,コナミスポーツクラブ,植田,,ボディパンプ45,4,12:35,前田 美緒(整理券12:05～配布),
,コナミスポーツクラブ,植田,,ボディパンプ45,5,19:45,桜井 要(整理券19:15～配布),
,コナミスポーツクラブ,植田,,ボディパンプ45,0,16:00,週代り(整理券15:30～配布),
,コナミスポーツクラブ,植田,,ボディパンプ30,2,13:00,松本 美歌子(整理券12:30～配布),
,コナミスポーツクラブ,瀬戸,,ボディパンプテック,5,14:45,八幡 拓見,
,コナミスポーツクラブ,瀬戸,,ボディパンプ60,4,20:30,鬼頭 孝彰,
,コナミスポーツクラブ,瀬戸,,ボディパンプ45,2,21:10,冨田 将寧,
,コナミスポーツクラブ,瀬戸,,ボディパンプ45,5,15:00,八幡 拓見,
,コナミスポーツクラブ,一宮,,ボディパンプ60,5,11:55,小川 博章,
,コナミスポーツクラブ,一宮,,ボディパンプ60,6,19:00,小川 博章,
,コナミスポーツクラブ,一宮,,ボディパンプ45,1,19:15,長谷部 理志,
,コナミスポーツクラブ,一宮,,ボディパンプ30,1,14:20,浜田 真由子,
,コナミスポーツクラブ,一宮,,ボディパンプ30,2,10:35,小川 博章,
,コナミスポーツクラブ,一宮,,ボディパンプ30,0,12:40,長谷部 理志,
,コナミスポーツクラブ,豊橋,,ボディパンプ60,1,19:45,宮田 知尚,
,コナミスポーツクラブ,豊橋,,ボディパンプ60,5,21:15,宮田 知尚,
,コナミスポーツクラブ,豊橋,,ボディパンプ60,6,12:45,宮田 知尚,
,コナミスポーツクラブ,豊橋,,ボディパンプ45,5,14:10,木川 和久,
,コナミスポーツクラブ,豊橋,,ボディパンプ45,0,15:15,尾張部 篤志,
,コナミスポーツクラブ,豊明,,ボディパンプ60,4,20:30,篠原 由美子,
,コナミスポーツクラブ,豊明,,ボディパンプ60,0,15:15,山口 健太,
,コナミスポーツクラブ,豊明,,ボディパンプ45,1,20:15,武居 直美,
,コナミスポーツクラブ,鈴鹿,,ボディパンプ60,1,11:45,浅井 和佳,
,コナミスポーツクラブ,鈴鹿,,ボディパンプ60,1,22:15,吉田 真歩,
,コナミスポーツクラブ,鈴鹿,,ボディパンプ60,6,18:30,紙野 睦,
,コナミスポーツクラブ,鈴鹿,,ボディパンプ60,0,14:30,白木 将太,
,コナミスポーツクラブ,鈴鹿,,ボディパンプ45,3,12:30,紙野 睦,
,コナミスポーツクラブ,鈴鹿,,ボディパンプ45,4,21:20,白木 将太,
,コナミスポーツクラブ,鈴鹿,,ボディパンプ45,5,10:30,浅井 和佳,
,コナミスポーツクラブ,鈴鹿,,ボディパンプ30,3,19:30,白木 将太,
,コナミスポーツクラブ,鈴鹿,,ボディパンプ30,6,12:45,吉田 真歩,
,コナミスポーツクラブ,草津,,ボディパンプ60,1,21:30,宮野 浩太朗,
,コナミスポーツクラブ,草津,,ボディパンプ60,5,11:45,宮野 浩太朗,
,コナミスポーツクラブ,草津,,ボディパンプ60,0,15:45,茶木 優輝,
,コナミスポーツクラブ,草津,,ボディパンプ45,6,16:45,國本 将平,
,コナミスポーツクラブ,草津,,ボディパンプ30,4,15:30,國本 将平,
,コナミスポーツクラブ,草津,,ボディパンプ30,4,19:30,宮野 浩太朗,
,コナミスポーツクラブ,伏見,,ボディパンプ60,1,20:40,近藤 ゆかり,
,コナミスポーツクラブ,伏見,,ボディパンプ60,6,16:55,近藤 ゆかり,
,コナミスポーツクラブ,伏見,,ボディパンプ45,4,19:45,長岡 利和,
,コナミスポーツクラブ,伏見,,ボディパンプ45,0,16:45,竹山 詩保,
,コナミスポーツクラブ,京都丸太町,,ボディパンプ60,1,20:30,中田 大晴,
,コナミスポーツクラブ,京都丸太町,,ボディパンプ60,5,15:15,一筆 里美,
,コナミスポーツクラブ,京都丸太町,,ボディパンプ60,5,20:30,松澤 美樹,
,コナミスポーツクラブ,京都丸太町,,ボディパンプ60,6,12:30,松澤美樹,
,コナミスポーツクラブ,京都丸太町,,ボディパンプ60,0,18:15,品田和哉,
,コナミスポーツクラブ,京都丸太町,,ボディパンプ45,1,15:00,長岡 利和,
,コナミスポーツクラブ,京都丸太町,,ボディパンプ45,2,22:05,中田 大晴,
,コナミスポーツクラブ,京都丸太町,,ボディパンプ45,4,15:30,中川 直子,
,コナミスポーツクラブ,京都丸太町,,ボディパンプ30,1,9:30,松澤 美樹,
,コナミスポーツクラブ,京都丸太町,,ボディパンプ30,4,9:30,中川 直子,
,コナミスポーツクラブ,京都丸太町,,ボディパンプ30,0,13:30,品田和哉,
,コナミスポーツクラブ,西大路御池,,ボディパンプ60,2,13:55,田中 千裕,
,コナミスポーツクラブ,西大路御池,,ボディパンプ60,2,21:15,小泉 亮子,
,コナミスポーツクラブ,西大路御池,,ボディパンプ60,3,22:30,田中 千裕,
,コナミスポーツクラブ,西大路御池,,ボディパンプ60,5,10:30,野村 成美,
,コナミスポーツクラブ,西大路御池,,ボディパンプ60,5,15:15,木山 直生,
,コナミスポーツクラブ,西大路御池,,ボディパンプ60,6,11:00,吉田 暁,
,コナミスポーツクラブ,西大路御池,,ボディパンプ60,0,15:30,小泉 亮子,
,コナミスポーツクラブ,西大路御池,,ボディパンプ45,1,18:10,田中 千裕,
,コナミスポーツクラブ,西大路御池,,ボディパンプ45,5,21:00,森 郁恵,
,コナミスポーツクラブ,西大路御池,,ボディパンプ30,1,12:30,田中 千裕,
,コナミスポーツクラブ,北大路,,ボディパンプ60,1,21:30,上野 雅史,
,コナミスポーツクラブ,北大路,,ボディパンプ60,0,17:25,吉田 暁,
,コナミスポーツクラブ,北大路,,ボディパンプ45,3,13:00,平野 亮介,
,コナミスポーツクラブ,北大路,,ボディパンプ45,5,12:00,平野 亮介,
,コナミスポーツクラブ,北大路,,ボディパンプ30,3,20:00,稲岡 正順,
,コナミスポーツクラブ,北大路,,ボディパンプ30,6,11:05,平野 亮介,
,コナミスポーツクラブ,北大路,,ボディパンプ30,6,16:35,稲岡 正順,
,コナミスポーツクラブ,八幡,,ボディパンプ60,1,21:30,一筆 里美,
,コナミスポーツクラブ,八幡,,ボディパンプ60,3,12:25,一筆 里美,
,コナミスポーツクラブ,八幡,,ボディパンプ60,3,20:15,三浦 征樹,
,コナミスポーツクラブ,八幡,,ボディパンプ60,5,16:05,吉田 暁,
,コナミスポーツクラブ,八幡,,ボディパンプ60,6,16:45,三浦 征樹,
,コナミスポーツクラブ,八幡,,ボディパンプ60,0,13:00,吉田 暁,
,コナミスポーツクラブ,八幡,,ボディパンプ30,4,19:30,三浦 征樹,
,コナミスポーツクラブ,南千里,,ボディパンプ60,5,10:45,田中 代悟,
,コナミスポーツクラブ,南千里,,ボディパンプ60,5,21:00,小澤 潤子,
,コナミスポーツクラブ,南千里,,ボディパンプ45,0,13:45,小澤 潤子,
,コナミスポーツクラブ,千里中央,,ボディパンプ60,3,20:25,北内 千恵,
,コナミスポーツクラブ,千里中央,,ボディパンプ60,5,11:35,北内 千恵,
,コナミスポーツクラブ,千里中央,,ボディパンプ60,6,15:00,北内 千恵,
,コナミスポーツクラブ,千里中央,,ボディパンプ45,0,10:20,白井 歩,
,コナミスポーツクラブ,千里中央,,ボディパンプ30,2,19:55,里見 仁志,
,コナミスポーツクラブ,千里中央,,ボディパンプ30,3,12:30,北内 千恵,
,コナミスポーツクラブ,香里園,,ボディパンプ60,1,11:25,木村 崇俊,
,コナミスポーツクラブ,香里園,,ボディパンプ60,3,21:05,北川 奈津紀,
,コナミスポーツクラブ,香里園,,ボディパンプ60,4,15:05,岩谷 裕司,
,コナミスポーツクラブ,香里園,,ボディパンプ60,5,12:45,北野 香織,
,コナミスポーツクラブ,香里園,,ボディパンプ60,6,15:50,加森 将大,
,コナミスポーツクラブ,香里園,,ボディパンプ60,0,9:30,北川 奈津紀,
,コナミスポーツクラブ,香里園,,ボディパンプ60,0,14:30,岩谷 裕司,
,コナミスポーツクラブ,香里園,,ボディパンプ45,1,20:15,加森 将大,
,コナミスポーツクラブ,香里園,,ボディパンプ45,4,19:30,加森 将大,
,コナミスポーツクラブ,香里園,,ボディパンプ30,3,15:20,北川 奈津紀,
,コナミスポーツクラブ,東岸和田,,ボディパンプテック,3,14:35,蜂谷 友浩,
,コナミスポーツクラブ,東岸和田,,ボディパンプテック,3,20:40,山口 正樹,
,コナミスポーツクラブ,東岸和田,,ボディパンプ60,1,20:15,蜂谷 友浩,
,コナミスポーツクラブ,東岸和田,,ボディパンプ60,6,12:15,蜂谷 友浩,
,コナミスポーツクラブ,東岸和田,,ボディパンプ45,3,14:50,蜂谷 友浩,
,コナミスポーツクラブ,東岸和田,,ボディパンプ30,3,20:55,山口 正樹,
,コナミスポーツクラブ,光明池,,ボディパンプ60,1,20:15,佃 大樹,
,コナミスポーツクラブ,光明池,,ボディパンプ60,5,21:30,佃 大樹,
,コナミスポーツクラブ,光明池,,ボディパンプ60,6,11:15,忠藤 由香利,
,コナミスポーツクラブ,光明池,,ボディパンプ60,6,17:50,高橋 なつみ,
,コナミスポーツクラブ,光明池,,ボディパンプ45,3,20:55,高橋 なつみ,
,コナミスポーツクラブ,光明池,,ボディパンプ45,5,11:15,廣橋 鈴代,
,コナミスポーツクラブ,光明池,,ボディパンプ30,1,11:15,忠藤 由香利,
,コナミスポーツクラブ,茨木,,ボディパンプ60,1,21:00,森郁恵,
,コナミスポーツクラブ,茨木,,ボディパンプ60,3,19:25,東井ゆかり,
,コナミスポーツクラブ,茨木,,ボディパンプ60,6,12:45,鈴木彩貴,
,コナミスポーツクラブ,茨木,,ボディパンプ60,0,10:30,上野浩司,
,コナミスポーツクラブ,茨木,,ボディパンプ60,0,15:40,岡谷和子,
,コナミスポーツクラブ,茨木,,ボディパンプ45,3,12:00,田中千晶,
,コナミスポーツクラブ,茨木,,ボディパンプ30,1,12:40,鈴木彩貴,
,コナミスポーツクラブ,茨木,,ボディパンプ30,4,18:45,岡谷和子,
,コナミスポーツクラブ,茨木,,ボディパンプ30,5,15:55,田中千晶,
,コナミスポーツクラブ,茨木,,ボディパンプ30,5,20:05,上野浩司,
,コナミスポーツクラブ,茨木,,ボディパンプ30,6,16:45,森郁恵,
,コナミスポーツクラブ,今里,,ボディパンプ60,1,21:20,仲本 智治,
,コナミスポーツクラブ,今里,,ボディパンプ60,4,14:05,仲本 智治,
,コナミスポーツクラブ,今里,,ボディパンプ60,4,19:30,森 郁恵,
,コナミスポーツクラブ,今里,,ボディパンプ60,6,15:05,赤松 多実子,
,コナミスポーツクラブ,今里,,ボディパンプ60,0,13:50,代行)木村崇俊,
,コナミスポーツクラブ,今里,,ボディパンプ45,1,10:20,星衛 智子,
,コナミスポーツクラブ,今里,,ボディパンプ45,2,20:15,吉田 暁,
,コナミスポーツクラブ,和泉中央,,ボディパンプ60,1,10:20,廣橋 鈴代,
,コナミスポーツクラブ,和泉中央,,ボディパンプ60,2,11:25,楠元 ひとみ,
,コナミスポーツクラブ,和泉中央,,ボディパンプ60,2,21:25,田崎 大輔,
,コナミスポーツクラブ,和泉中央,,ボディパンプ60,5,14:55,楠元 ひとみ,
,コナミスポーツクラブ,和泉中央,,ボディパンプ60,5,20:10,赤川 洋介,
,コナミスポーツクラブ,和泉中央,,ボディパンプ60,6,12:40,小山 りよ,
,コナミスポーツクラブ,和泉中央,,ボディパンプ60,0,10:20,楠元 ひとみ,
,コナミスポーツクラブ,和泉中央,,ボディパンプ45,3,15:10,楠元 ひとみ,
,コナミスポーツクラブ,和泉中央,,ボディパンプ45,3,21:40,田崎 大輔,
,コナミスポーツクラブ,守口,,ボディパンプ60,1,15:10,小谷 太一,
,コナミスポーツクラブ,守口,,ボディパンプ60,1,19:30,田中 代悟,
,コナミスポーツクラブ,守口,,ボディパンプ60,3,10:30,山口 翔吾,
,コナミスポーツクラブ,守口,,ボディパンプ60,4,21:35,長山 航大,
,コナミスポーツクラブ,守口,,ボディパンプ60,5,11:35,小谷 太一,
,コナミスポーツクラブ,守口,,ボディパンプ60,6,10:15,星衛 智子,
,コナミスポーツクラブ,守口,,ボディパンプ60,0,11:40,山口 翔吾,
,コナミスポーツクラブ,守口,,ボディパンプ45,3,19:15,長山 航大,
,コナミスポーツクラブ,守口,,ボディパンプ45,4,12:50,印藤 いその,
,コナミスポーツクラブ,守口,,ボディパンプ45,5,20:10,印藤 いその,
,コナミスポーツクラブ,京橋,,ボディパンプ60,1,20:30,篠崎 知子,
,コナミスポーツクラブ,京橋,,ボディパンプ60,2,13:15,細川 愛子,
,コナミスポーツクラブ,京橋,,ボディパンプ60,3,18:45,佐藤 直哉,
,コナミスポーツクラブ,京橋,,ボディパンプ60,6,12:15,野田 真奈,
,コナミスポーツクラブ,京橋,,ボディパンプ60,0,14:10,梶田 りえ,
,コナミスポーツクラブ,京橋,,ボディパンプ45,2,22:00,梶田 りえ,
,コナミスポーツクラブ,京橋,,ボディパンプ45,5,12:10,佐藤 直哉,
,コナミスポーツクラブ,京橋,,ボディパンプ45,0,18:05,佐藤 直哉,
,コナミスポーツクラブ,京橋,,ボディパンプ30,3,12:25,森島 啓伍,
,コナミスポーツクラブ,京橋,,ボディパンプ30,5,19:30,梶田 りえ,
,コナミスポーツクラブ,香里ヶ丘,,ボディパンプ60,1,19:50,宮崎 雅彰,
,コナミスポーツクラブ,香里ヶ丘,,ボディパンプ60,2,11:20,田中 代悟,
,コナミスポーツクラブ,香里ヶ丘,,ボディパンプ60,6,16:45,宮崎 雅彰,
,コナミスポーツクラブ,香里ヶ丘,,ボディパンプ60,0,15:25,能勢 誠志,
,コナミスポーツクラブ,香里ヶ丘,,ボディパンプ45,2,22:10,能勢 誠志,
,コナミスポーツクラブ,香里ヶ丘,,ボディパンプ45,3,12:05,郡 勝比呂,
,コナミスポーツクラブ,香里ヶ丘,,ボディパンプ30,1,12:40,宮武 知佳,
,コナミスポーツクラブ,香里ヶ丘,,ボディパンプ30,3,17:10,能勢 誠志,
,コナミスポーツクラブ,香里ヶ丘,,ボディパンプ30,3,20:15,宮武 知佳,
,コナミスポーツクラブ,香里ヶ丘,,ボディパンプ30,5,22:25,田中代悟,
,コナミスポーツクラブ,香里ヶ丘,,ボディパンプ30,6,13:55,能勢 誠志,
,コナミスポーツクラブ,香里ヶ丘,,ボディパンプ30,0,11:20,宮武 知佳,
,コナミスポーツクラブ,新石切,,ボディパンプ60,1,21:55,田崎 大輔,
,コナミスポーツクラブ,新石切,,ボディパンプ60,3,15:00,田中代悟,
,コナミスポーツクラブ,新石切,,ボディパンプ60,4,19:45,野田 真奈,
,コナミスポーツクラブ,新石切,,ボディパンプ60,6,15:20,吉田暁,
,コナミスポーツクラブ,新石切,,ボディパンプ60,0,9:50,星衛智子,
,コナミスポーツクラブ,新石切,,ボディパンプ60,0,13:40,山根敦史,
,コナミスポーツクラブ,新石切,,ボディパンプ45,1,12:30,池下 裕貴,
,コナミスポーツクラブ,新石切,,ボディパンプ45,5,20:40,田崎大輔(定員制/30名),
,コナミスポーツクラブ,梅田茶屋町,,ボディパンプテック,2,12:15,石本 隆幸,
,コナミスポーツクラブ,梅田茶屋町,,ボディパンプ60,4,18:45,石本 隆幸,
,コナミスポーツクラブ,梅田茶屋町,,ボディパンプ60,6,17:45,土屋 亜紀子,
,コナミスポーツクラブ,梅田茶屋町,,ボディパンプ45,2,12:35,石本 隆幸,
,コナミスポーツクラブ,梅田茶屋町,,ボディパンプ45,5,19:45,寺坂 舞,
,コナミスポーツクラブ,梅田茶屋町,,ボディパンプ45,0,15:15,寺坂 舞,
,コナミスポーツクラブ,梅田茶屋町,,ボディパンプ30,1,21:15,寺坂 舞,
,コナミスポーツクラブ,梅田茶屋町,,ボディパンプ30,6,11:35,小林 珠美,
,コナミスポーツクラブ,高槻,,ボディパンプ60,1,11:55,伊藤 聡,
,コナミスポーツクラブ,高槻,,ボディパンプ60,2,21:30,佐藤 友哉,
,コナミスポーツクラブ,高槻,,ボディパンプ60,6,13:50,伊藤 聡,
,コナミスポーツクラブ,高槻,,ボディパンプ60,0,14:20,佐藤 友哉,
,コナミスポーツクラブ,高槻,,ボディパンプ45,1,22:15,佐藤 友哉,
,コナミスポーツクラブ,高槻,,ボディパンプ45,6,18:35,一筆 里美,
,コナミスポーツクラブ,上新庄,,ボディパンプ60,3,21:30,品田和哉,
,コナミスポーツクラブ,上新庄,,ボディパンプ60,6,13:15,高森由佳,
,コナミスポーツクラブ,上新庄,,ボディパンプ60,0,13:00,池田 悠貴,
,コナミスポーツクラブ,上新庄,,ボディパンプ45,1,12:10,池田悠貴,
,コナミスポーツクラブ,上新庄,,ボディパンプ30,1,19:00,浅田ひかる,
,コナミスポーツクラブ,上新庄,,ボディパンプ30,3,14:00,吉田暁,
,コナミスポーツクラブ,グランサイズ大阪,,ボディパンプ60,1,16:00,寺田 信也,
,コナミスポーツクラブ,グランサイズ大阪,,ボディパンプ60,5,21:15,寺田信也,
,コナミスポーツクラブ,グランサイズ大阪,,ボディパンプ60,6,12:15,寺田信也,
,コナミスポーツクラブ,グランサイズ大阪,,ボディパンプ45,0,13:00,藤井三佐,
,コナミスポーツクラブ,堺,,ボディパンプ60,4,13:50,川西 恵,
,コナミスポーツクラブ,堺,,ボディパンプ45,5,20:30,原田 昌樹,
,コナミスポーツクラブ,堺,,ボディパンプ45,0,12:45,原田 昌樹,
,コナミスポーツクラブ,堺,,ボディパンプ30,1,14:00,山内佑真,
,コナミスポーツクラブ,堺,,ボディパンプ30,3,19:00,山内 佑真,
,コナミスポーツクラブ,堺,,ボディパンプ30,6,15:20,川西 恵,
,コナミスポーツクラブ,北浜,,ボディパンプ60,1,21:15,野村 里砂,
,コナミスポーツクラブ,北浜,,ボディパンプ60,5,19:30,西山 真弓,
,コナミスポーツクラブ,北浜,,ボディパンプ60,6,14:30,広橋 鈴代,
,コナミスポーツクラブ,北浜,,ボディパンプ45,2,14:30,星衛 智子,
,コナミスポーツクラブ,北浜,,ボディパンプ45,4,13:50,中井 崇之,
,コナミスポーツクラブ,北浜,,ボディパンプ30,1,12:30,中井 崇之,
,コナミスポーツクラブ,北浜,,ボディパンプ30,3,11:15,星衛 智子,
,コナミスポーツクラブ,北浜,,ボディパンプ30,3,21:30,高山 敦史,
,コナミスポーツクラブ,北浜,,ボディパンプ30,4,19:30,御堂 朋子,
,コナミスポーツクラブ,北浜,,ボディパンプ30,5,15:30,星衛 智子,
,コナミスポーツクラブ,新大阪,,ボディパンプ60,5,20:25,郡 勝比呂,
,コナミスポーツクラブ,新大阪,,ボディパンプ60,0,11:30,守屋 光,
,コナミスポーツクラブ,新大阪,,ボディパンプ45,4,18:50,大村 謙介,
,コナミスポーツクラブ,新大阪,,ボディパンプ30,1,21:15,大村 謙介,
,コナミスポーツクラブ,新大阪,,ボディパンプ30,4,11:25,守屋 光,
,コナミスポーツクラブ,新大阪,,ボディパンプ30,5,14:15,守屋 光,
,コナミスポーツクラブ,新大阪,,ボディパンプ30,6,16:25,大村 謙介,
,コナミスポーツクラブ,古川橋,,ボディパンプ60,2,19:25,角前 征平,
,コナミスポーツクラブ,古川橋,,ボディパンプ60,3,20:15,渡邉 聖稀,
,コナミスポーツクラブ,古川橋,,ボディパンプ60,0,15:25,杉野 弥生,
,コナミスポーツクラブ,古川橋,,ボディパンプ45,1,13:05,角前 征平,
,コナミスポーツクラブ,古川橋,,ボディパンプ45,1,21:10,渡邉 聖稀,
,コナミスポーツクラブ,古川橋,,ボディパンプ45,2,11:40,渡邉 聖稀,
,コナミスポーツクラブ,古川橋,,ボディパンプ30,4,22:00,角前 征平,
,コナミスポーツクラブ,梅田,,ボディパンプ60,1,11:25,新井 恵美,
,コナミスポーツクラブ,梅田,,ボディパンプ60,2,20:30,吉村 勝弘,
,コナミスポーツクラブ,梅田,,ボディパンプ60,6,15:15,新井 恵美,
,コナミスポーツクラブ,梅田,,ボディパンプ45,4,18:45,鈴木 淳弘,
,コナミスポーツクラブ,梅田,,ボディパンプ30,2,7:30,鈴木 淳弘,
,コナミスポーツクラブ,梅田,,ボディパンプ30,5,11:10,鈴木 淳弘,
,コナミスポーツクラブ,梅田,,ボディパンプ30,5,20:00,吉村 勝弘,
,コナミスポーツクラブ,梅田,,ボディパンプ30,0,15:15,吉村 勝弘,
,コナミスポーツクラブ,心斎橋,,ボディパンプ60,3,12:40,松原 千花,
,コナミスポーツクラブ,心斎橋,,ボディパンプ60,5,20:45,山根 敦史,
,コナミスポーツクラブ,心斎橋,,ボディパンプ60,6,10:45,中村 愛子,
,コナミスポーツクラブ,心斎橋,,ボディパンプ45,1,19:05,新井 恵美,
,コナミスポーツクラブ,心斎橋,,ボディパンプ45,0,16:15,岸 真幸,
,コナミスポーツクラブ,心斎橋,,ボディパンプ30,1,13:45,山根 敦史,
,コナミスポーツクラブ,心斎橋,,ボディパンプ30,3,18:15,田中 代悟,
,コナミスポーツクラブ,心斎橋,,ボディパンプ30,4,10:45,山根 敦史,
,コナミスポーツクラブ,心斎橋,,ボディパンプ30,4,19:05,松原 千花,
,コナミスポーツクラブ,心斎橋,,ボディパンプ30,5,12:45,西山 真弓,
,コナミスポーツクラブ,心斎橋,,ボディパンプ30,6,16:45,星衛 智子,
,コナミスポーツクラブ,心斎橋,,ボディパンプ30,0,13:15,松原 千花,
,コナミスポーツクラブ,和泉府中,,ボディパンプ60,3,21:00,木下 俊介,
,コナミスポーツクラブ,和泉府中,,ボディパンプ60,4,14:45,広橋 鈴代,
,コナミスポーツクラブ,和泉府中,,ボディパンプ60,6,11:35,木下 俊介,
,コナミスポーツクラブ,和泉府中,,ボディパンプ30,1,10:15,伊与田 和弘,
,コナミスポーツクラブ,和泉府中,,ボディパンプ30,1,20:00,木下 俊介,
,コナミスポーツクラブ,和泉府中,,ボディパンプ30,3,11:30,伊与田 和弘,
,コナミスポーツクラブ,和泉府中,,ボディパンプ30,0,13:50,伊与田 和弘,
,コナミスポーツクラブ,なかもず,,ボディパンプ60,3,21:15,万代 浩司,
,コナミスポーツクラブ,なかもず,,ボディパンプ60,5,13:30,野村 里砂,
,コナミスポーツクラブ,なかもず,,ボディパンプ60,6,18:10,澤 光基,
,コナミスポーツクラブ,なかもず,,ボディパンプ60,0,12:25,山下 和訓,
,コナミスポーツクラブ,なかもず,,ボディパンプ45,1,14:30,広橋 鈴代,
,コナミスポーツクラブ,なかもず,,ボディパンプ45,2,12:40,広橋 鈴代,
,コナミスポーツクラブ,なかもず,,ボディパンプ30,1,21:25,山下 和訓,
,コナミスポーツクラブ,なかもず,,ボディパンプ30,2,21:00,澤 光基,
,コナミスポーツクラブ,なかもず,,ボディパンプ30,5,20:35,澤 光基,
,コナミスポーツクラブ,北千里,,ボディパンプテック,3,12:45,橋本 武志,
,コナミスポーツクラブ,北千里,,ボディパンプ60,0,13:45,橋本 武志,
,コナミスポーツクラブ,北千里,,ボディパンプ30,1,10:20,亭島 和彦,
,コナミスポーツクラブ,北千里,,ボディパンプ30,2,9:10,亭島 和彦,
,コナミスポーツクラブ,北千里,,ボディパンプ30,3,12:10,橋本 武志,
,コナミスポーツクラブ,北千里,,ボディパンプ30,6,18:00,亭島 和彦,
,コナミスポーツクラブ,江坂,,ボディパンプ60,3,20:10,田口 学,
,コナミスポーツクラブ,江坂,,ボディパンプ60,6,11:30,小澤 潤子,
,コナミスポーツクラブ,江坂,,ボディパンプ60,6,17:40,小林 珠美,
,コナミスポーツクラブ,江坂,,ボディパンプ60,0,17:15,北野 江理奈,
,コナミスポーツクラブ,江坂,,ボディパンプ45,1,12:15,田口 学,
,コナミスポーツクラブ,江坂,,ボディパンプ45,3,10:35,小林 珠美,
,コナミスポーツクラブ,江坂,,ボディパンプ45,5,21:00,田口 学,
,コナミスポーツクラブ,江坂,,ボディパンプ30,4,21:25,北野 江理奈,
,コナミスポーツクラブ,寝屋川,,ボディパンプ60,1,20:10,長谷川 玲子,
,コナミスポーツクラブ,寝屋川,,ボディパンプ60,3,12:45,羽手村 聡(定員50名),
,コナミスポーツクラブ,寝屋川,,ボディパンプ60,3,21:20,長谷川 玲子(定員50名),
,コナミスポーツクラブ,寝屋川,,ボディパンプ60,5,21:20,長谷川 玲子(定員50名),
,コナミスポーツクラブ,寝屋川,,ボディパンプ60,0,12:50,長谷川 玲子(定員50名),
,コナミスポーツクラブ,寝屋川,,ボディパンプ45,1,11:40,吉田 暁(定員50名),
,コナミスポーツクラブ,寝屋川,,ボディパンプ45,5,14:45,北野 香織(定員50名),
,コナミスポーツクラブ,寝屋川,,ボディパンプ45,6,16:20,羽手村 聡(定員50名),
,コナミスポーツクラブ,弁天町,,ボディパンプ60,3,11:50,長岡利和,
,コナミスポーツクラブ,弁天町,,ボディパンプ60,3,19:25,佐橋芳彦,
,コナミスポーツクラブ,弁天町,,ボディパンプ60,5,20:45,池田幸平,
,コナミスポーツクラブ,弁天町,,ボディパンプ60,6,12:50,佐橋芳彦,
,コナミスポーツクラブ,弁天町,,ボディパンプ60,0,12:55,佐橋芳彦,
,コナミスポーツクラブ,弁天町,,ボディパンプ60,0,18:50,長岡利和,
,コナミスポーツクラブ,弁天町,,ボディパンプ45,1,18:30,佐橋芳彦,
,コナミスポーツクラブ,弁天町,,ボディパンプ45,2,14:00,池田幸平,
,コナミスポーツクラブ,弁天町,,ボディパンプ30,5,11:20,吉田暁,
,コナミスポーツクラブ,加古川,,ボディパンプ60,6,13:45,楠 雄貴,
,コナミスポーツクラブ,加古川,,ボディパンプ60,0,13:15,豊田 博子,
,コナミスポーツクラブ,加古川,,ボディパンプ45,1,21:25,増田 風香,
,コナミスポーツクラブ,加古川,,ボディパンプ45,2,11:40,齋藤 鉄平,
,コナミスポーツクラブ,加古川,,ボディパンプ45,5,12:45,川崎 真智子,
,コナミスポーツクラブ,加古川,,ボディパンプ45,5,19:45,豊田 博子,
,コナミスポーツクラブ,加古川,,ボディパンプ30,1,11:15,川崎 真智子,
,コナミスポーツクラブ,加古川,,ボディパンプ30,4,21:00,楠 雄貴,
,コナミスポーツクラブ,加古川,,ボディパンプ30,0,11:45,増田 風香,
,コナミスポーツクラブ,神戸,,ボディパンプテック,1,20:10,佐藤 勝己,
,コナミスポーツクラブ,神戸,,ボディパンプテック,6,17:40,浜田 法子,
,コナミスポーツクラブ,神戸,,ボディパンプ60,3,20:15,小川 武志,
,コナミスポーツクラブ,神戸,,ボディパンプ60,6,18:00,浜田 法子,
,コナミスポーツクラブ,神戸,,ボディパンプ60,0,12:15,加藤 栄里子,
,コナミスポーツクラブ,神戸,,ボディパンプ45,1,20:30,佐藤 勝己,
,コナミスポーツクラブ,神戸,,ボディパンプ45,5,14:35,加藤 栄里子,
,コナミスポーツクラブ,神戸,,ボディパンプ45,6,11:50,加藤 栄里子,
,コナミスポーツクラブ,神戸,,ボディパンプ30,1,14:20,佐藤 勝己,
,コナミスポーツクラブ,神戸,,ボディパンプ30,2,13:45,佐藤 勝巳,
,コナミスポーツクラブ,本店西宮,,ボディパンプ60,2,21:15,栗山由佳,
,コナミスポーツクラブ,本店西宮,,ボディパンプ60,3,21:55,山下俊則,
,コナミスポーツクラブ,本店西宮,,ボディパンプ60,5,11:25,近藤まり,
,コナミスポーツクラブ,本店西宮,,ボディパンプ60,5,22:00,戸井千夏,
,コナミスポーツクラブ,本店西宮,,ボディパンプ60,6,10:50,中村直,
,コナミスポーツクラブ,本店西宮,,ボディパンプ60,6,19:30,山下俊則,
,コナミスポーツクラブ,本店西宮,,ボディパンプ60,0,16:00,吉武真美,
,コナミスポーツクラブ,本店西宮,,ボディパンプ45,1,12:25,近藤まり,
,コナミスポーツクラブ,本店西宮,,ボディパンプ45,1,22:15,今井宏樹,
,コナミスポーツクラブ,本店西宮,,ボディパンプ45,2,18:30,中村直,
,コナミスポーツクラブ,本店西宮,,ボディパンプ45,6,15:55,清水希美,
,コナミスポーツクラブ,本店西宮,,ボディパンプ45,0,9:35,栗山由佳,
,コナミスポーツクラブ,明石,,ボディパンプ60,4,21:00,森 いずみ,
,コナミスポーツクラブ,明石,,ボディパンプ60,6,11:30,谷田 幸枝,
,コナミスポーツクラブ,明石,,ボディパンプ45,1,11:45,谷田 幸枝,
,コナミスポーツクラブ,明石,,ボディパンプ45,0,16:35,森 いずみ,
,コナミスポーツクラブ,東加古川,,ボディパンプ45,1,20:45,谷田 幸枝,
,コナミスポーツクラブ,東加古川,,ボディパンプ45,3,20:35,谷田幸枝,
,コナミスポーツクラブ,東加古川,,ボディパンプ45,6,15:30,都築 史幸,
,コナミスポーツクラブ,東加古川,,ボディパンプ45,0,15:15,スタッフ【週変わり】,
,コナミスポーツクラブ,新長田,,ボディパンプ60,1,10:50,堤 景吾,
,コナミスポーツクラブ,新長田,,ボディパンプ60,1,19:15,浜田 法子,
,コナミスポーツクラブ,新長田,,ボディパンプ60,3,12:25,川口 紘太朗,
,コナミスポーツクラブ,新長田,,ボディパンプ60,4,13:20,浜田 法子,
,コナミスポーツクラブ,新長田,,ボディパンプ60,4,21:00,倉橋 美圭,
,コナミスポーツクラブ,新長田,,ボディパンプ60,5,14:45,三好 幸恵,
,コナミスポーツクラブ,新長田,,ボディパンプ60,0,14:00,倉橋 美圭,
,コナミスポーツクラブ,新長田,,ボディパンプ30,1,15:40,川口 紘太朗,
,コナミスポーツクラブ,新長田,,ボディパンプ30,6,10:40,三好 幸恵,
,コナミスポーツクラブ,三田,,ボディパンプ60,1,11:15,川口 忍,
,コナミスポーツクラブ,三田,,ボディパンプ60,1,16:45,植田 優己,
,コナミスポーツクラブ,三田,,ボディパンプ60,3,21:30,岩井 牧子,
,コナミスポーツクラブ,三田,,ボディパンプ60,6,10:30,岩井 健一,
,コナミスポーツクラブ,三田,,ボディパンプ60,6,15:00,森田 香織,
,コナミスポーツクラブ,三田,,ボディパンプ60,0,10:25,川口 忍,
,コナミスポーツクラブ,三田,,ボディパンプ45,3,11:35,岩井 健一,
,コナミスポーツクラブ,三田,,ボディパンプ30,4,18:30,外林 健司,
,コナミスポーツクラブ,三田,,ボディパンプ30,5,21:05,岩崎 隆道,
,コナミスポーツクラブ,三宮,,ボディパンプ60,1,12:30,吉田 隆彦,
,コナミスポーツクラブ,三宮,,ボディパンプ60,2,21:00,浜田 法子,
,コナミスポーツクラブ,三宮,,ボディパンプ60,5,11:25,浜田 法子,
,コナミスポーツクラブ,三宮,,ボディパンプ60,5,16:20,松野 瑞誉,
,コナミスポーツクラブ,三宮,,ボディパンプ60,6,15:45,吉田 隆彦,
,コナミスポーツクラブ,三宮,,ボディパンプ60,0,12:50,堀越 昭宏,
,コナミスポーツクラブ,三宮,,ボディパンプ45,5,19:35,近藤 拓矢,
,コナミスポーツクラブ,三宮,,ボディパンプ30,1,8:00,近藤 拓矢,
,コナミスポーツクラブ,三宮,,ボディパンプ30,1,19:50,松野 瑞誉,
,コナミスポーツクラブ,三宮,,ボディパンプ30,2,13:50,香川 直子,
,コナミスポーツクラブ,姫路中央,,ボディパンプ60,4,20:40,黒田 紘次,
,コナミスポーツクラブ,姫路中央,,ボディパンプ60,5,12:15,中澤 倫子,
,コナミスポーツクラブ,姫路中央,,ボディパンプ60,6,13:00,小島 章匡,
,コナミスポーツクラブ,姫路中央,,ボディパンプ45,1,10:30,中澤 倫子,
,コナミスポーツクラブ,姫路中央,,ボディパンプ45,1,21:45,黒田 紘次,
,コナミスポーツクラブ,姫路中央,,ボディパンプ45,3,12:55,山田 美春,
,コナミスポーツクラブ,姫路中央,,ボディパンプ45,0,13:10,黒田 紘次,
,コナミスポーツクラブ,姫路中央,,ボディパンプ30,5,20:45,田邉 梢,
,コナミスポーツクラブ,姫路中央,,ボディパンプ30,6,18:00,小島 章匡,
,コナミスポーツクラブ,川西,,ボディパンプ60,1,21:00,田邉 和樹,
,コナミスポーツクラブ,川西,,ボディパンプ60,0,15:30,松浦 武蔵,
,コナミスポーツクラブ,川西,,ボディパンプ45,1,13:50,森田 由梨,
,コナミスポーツクラブ,川西,,ボディパンプ45,2,20:00,鈴木 正樹,
,コナミスポーツクラブ,川西,,ボディパンプ30,2,16:30,松浦 武蔵,
,コナミスポーツクラブ,川西,,ボディパンプ30,6,14:20,小林 珠美,
,コナミスポーツクラブ,川西,,ボディパンプ30,6,18:05,小澤 潤子,
,コナミスポーツクラブ,尼崎,,ボディパンプ60,1,12:45,木村 あゆみ,
,コナミスポーツクラブ,尼崎,,ボディパンプ60,1,21:00,長谷川 有子,
,コナミスポーツクラブ,尼崎,,ボディパンプ60,3,13:10,長野 明祐,
,コナミスポーツクラブ,尼崎,,ボディパンプ60,4,19:15,山本 千恵,
,コナミスポーツクラブ,尼崎,,ボディパンプ60,5,14:45,高田 勇治,
,コナミスポーツクラブ,尼崎,,ボディパンプ60,6,19:15,長野 明祐,
,コナミスポーツクラブ,尼崎,,ボディパンプ60,0,15:15,木村 あゆみ,
,コナミスポーツクラブ,尼崎,,ボディパンプ45,4,14:25,長谷川 有子,
,コナミスポーツクラブ,尼崎,,ボディパンプ30,0,11:30,長野 明祐,
,コナミスポーツクラブ,本山南,,ボディパンプ60,3,13:50,坂中 則夫,
,コナミスポーツクラブ,本山南,,ボディパンプ60,4,20:05,村尾 康太,
,コナミスポーツクラブ,本山南,,ボディパンプ60,6,10:30,村尾 康太,
,コナミスポーツクラブ,本山南,,ボディパンプ60,0,11:45,坂中 則夫,
,コナミスポーツクラブ,本山南,,ボディパンプ45,1,12:40,黒瀬 亜弥香,
,コナミスポーツクラブ,本山南,,ボディパンプ45,3,19:10,黒瀬 亜弥香,
,コナミスポーツクラブ,本山南,,ボディパンプ45,5,21:35,吉田 隆彦,
,コナミスポーツクラブ,本山南,,ボディパンプ45,0,16:10,松野 瑞穂,
,コナミスポーツクラブ,明石大久保,,ボディパンプ60,0,12:45,吉丸 慶太,
,コナミスポーツクラブ,明石大久保,,ボディパンプ45,1,12:45,吉丸 慶太,
,コナミスポーツクラブ,明石大久保,,ボディパンプ45,5,20:35,吉丸 慶太,
,コナミスポーツクラブ,明石大久保,,ボディパンプ45,6,18:10,宮下 史彦,
,コナミスポーツクラブ,明石大久保,,ボディパンプ30,1,22:15,瀧倉 幸子,
,コナミスポーツクラブ,明石大久保,,ボディパンプ30,5,13:25,山田 のぞみ,
,コナミスポーツクラブ,ジェームス山,,ボディパンプ60,5,13:30,湯川 健太,
,コナミスポーツクラブ,ジェームス山,,ボディパンプ60,6,10:45,塩屋 明子,
,コナミスポーツクラブ,ジェームス山,,ボディパンプ45,1,13:25,湯川 健太,
,コナミスポーツクラブ,ジェームス山,,ボディパンプ45,5,21:30,塩屋 明子,
,コナミスポーツクラブ,ジェームス山,,ボディパンプ45,0,13:05,柿木 梨江,
,コナミスポーツクラブ,ジェームス山,,ボディパンプ30,3,21:55,柿木 梨江,
,コナミスポーツクラブ,ジェームス山,,ボディパンプ30,4,10:25,柿木 梨江,
,コナミスポーツクラブ,生駒,,ボディパンプ60,3,12:45,吉田 利幸,
,コナミスポーツクラブ,生駒,,ボディパンプ60,5,21:35,松下 玄輝,
,コナミスポーツクラブ,生駒,,ボディパンプ60,6,15:15,吉田 利幸,
,コナミスポーツクラブ,生駒,,ボディパンプ45,2,21:15,松下 玄輝,
,コナミスポーツクラブ,生駒,,ボディパンプ45,0,10:30,松下 玄輝,
,コナミスポーツクラブ,生駒,,ボディパンプ30,1,21:00,吉田 利幸,
,コナミスポーツクラブ,生駒,,ボディパンプ30,3,20:45,吉田 利幸,
,コナミスポーツクラブ,西大和,,ボディパンプ60,4,21:35,和田 真,
,コナミスポーツクラブ,西大和,,ボディパンプ60,0,15:05,和田 真,
,コナミスポーツクラブ,西大和,,ボディパンプ45,3,11:20,和田 真,
,コナミスポーツクラブ,西大和,,ボディパンプ30,5,21:30,澤和 良樹,
,コナミスポーツクラブ,学園前,,ボディパンプ60,1,11:30,山川 喜平,
,コナミスポーツクラブ,学園前,,ボディパンプ60,3,19:10,山川 喜平,
,コナミスポーツクラブ,学園前,,ボディパンプ60,4,14:00,吉田 暁,
,コナミスポーツクラブ,学園前,,ボディパンプ60,6,12:40,米山 貴文,
,コナミスポーツクラブ,学園前,,ボディパンプ60,0,11:45,角振 優司,
,コナミスポーツクラブ,学園前,,ボディパンプ45,1,19:35,角振 優司,
,コナミスポーツクラブ,学園前,,ボディパンプ30,5,10:45,米山 貴文,
,コナミスポーツクラブ,大和八木,,ボディパンプ60,5,20:00,古岡 綾子,
,コナミスポーツクラブ,大和八木,,ボディパンプ60,0,13:20,古岡 綾子,
,コナミスポーツクラブ,大和八木,,ボディパンプ45,1,13:50,古岡 綾子,
,コナミスポーツクラブ,大和八木,,ボディパンプ45,3,21:35,辻本哲也,
,コナミスポーツクラブ,大和八木,,ボディパンプ45,5,11:30,辻本哲也,
,コナミスポーツクラブ,大和八木,,ボディパンプ45,6,12:40,辻本 哲也,
,コナミスポーツクラブ,大和八木,,ボディパンプ30,3,14:30,辻本 哲也,
,コナミスポーツクラブ,天理,,ボディパンプ60,4,20:45,熊倉 一也,
,コナミスポーツクラブ,天理,,ボディパンプ30,1,11:50,熊倉 一也,
,コナミスポーツクラブ,天理,,ボディパンプ30,4,11:10,瀬野 芳子,
,コナミスポーツクラブ,天理,,ボディパンプ30,5,15:15,辰巳 桂子,
,コナミスポーツクラブ,岡山,,ボディパンプ60,1,20:10,大田 昌宏,
,コナミスポーツクラブ,岡山,,ボディパンプ60,3,19:20,大田 昌広,
,コナミスポーツクラブ,岡山,,ボディパンプ60,4,12:50,早瀬 邦子,
,コナミスポーツクラブ,岡山,,ボディパンプ60,0,12:10,太田 昌広,
,コナミスポーツクラブ,岡山,,ボディパンプ30,1,12:50,早瀬 邦子,
,コナミスポーツクラブ,岡山,,ボディパンプ30,6,11:15,成瀬 永,
,コナミスポーツクラブ,高松,,ボディパンプ60,2,13:30,山上 潤樹,
,コナミスポーツクラブ,高松,,ボディパンプ60,5,20:00,新井 貴大,
,コナミスポーツクラブ,高松,,ボディパンプ60,6,12:00,横山 潤,
,コナミスポーツクラブ,高松,,ボディパンプ45,2,20:30,石原 佳世,
,コナミスポーツクラブ,高松,,ボディパンプ45,4,14:20,横山 潤,
,コナミスポーツクラブ,高松,,ボディパンプ30,4,19:00,山上 潤樹,
,コナミスポーツクラブ,高松,,ボディパンプ30,6,18:00,新井 貴大,
,コナミスポーツクラブ,高松,,ボディパンプ30,0,16:40,山上 潤樹,
,コナミスポーツクラブ,松山,,ボディパンプ60,4,21:30,岡田 早人,
,コナミスポーツクラブ,松山,,ボディパンプ60,6,12:05,岡田 早人,
,コナミスポーツクラブ,松山,,ボディパンプ60,0,11:00,金谷 美穂,
,コナミスポーツクラブ,松山,,ボディパンプ45,1,11:35,相場 教子,
,コナミスポーツクラブ,松山,,ボディパンプ45,1,21:45,岡田早人,
,コナミスポーツクラブ,松山,,ボディパンプ30,3,12:45,相場 教子,
,コナミスポーツクラブ,松山,,ボディパンプ30,4,11:30,平野 達哉,
,コナミスポーツクラブ,はりまや橋,,ボディパンプ60,3,20:15,大崎 まや,
,コナミスポーツクラブ,はりまや橋,,ボディパンプ60,0,15:45,大崎 まや,
,コナミスポーツクラブ,はりまや橋,,ボディパンプ30,2,18:10,田村 享子,
,コナミスポーツクラブ,はりまや橋,,ボディパンプ30,3,12:20,田村 享子,
,コナミスポーツクラブ,徳力,,ボディパンプ60,4,21:45,澤田 直孝,
,コナミスポーツクラブ,徳力,,ボディパンプ60,6,10:30,村上 由利子,
,コナミスポーツクラブ,徳力,,ボディパンプ45,1,11:35,村上 由利子,
,コナミスポーツクラブ,徳力,,ボディパンプ45,1,21:00,河野 力也,
,コナミスポーツクラブ,徳力,,ボディパンプ45,3,11:55,岡 桂司,
,コナミスポーツクラブ,徳力,,ボディパンプ45,5,13:15,田上 瑞貴,
,コナミスポーツクラブ,筑紫野,,ボディパンプテック,2,15:15,瀬戸 弘子,
,コナミスポーツクラブ,筑紫野,,ボディパンプ60,4,21:20,清永 敏嗣,
,コナミスポーツクラブ,筑紫野,,ボディパンプ60,5,13:10,初瀬 淑恵,
,コナミスポーツクラブ,筑紫野,,ボディパンプ60,0,14:20,伊東 将史郎,
,コナミスポーツクラブ,筑紫野,,ボディパンプ30,2,15:35,瀬戸 弘子,
,コナミスポーツクラブ,筑紫野,,ボディパンプ30,4,13:20,瀬戸 弘子,
,コナミスポーツクラブ,福岡香椎,,ボディパンプ60,1,13:25,後藤 大地,
,コナミスポーツクラブ,福岡香椎,,ボディパンプ60,1,21:30,清永 敏嗣,
,コナミスポーツクラブ,福岡香椎,,ボディパンプ60,3,20:20,宮川 啓介,
,コナミスポーツクラブ,福岡香椎,,ボディパンプ60,4,12:00,宮川 啓介,
,コナミスポーツクラブ,福岡香椎,,ボディパンプ60,6,13:25,清永 敏嗣,
,コナミスポーツクラブ,福岡香椎,,ボディパンプ60,0,11:55,玉置 祐子,
,コナミスポーツクラブ,福岡香椎,,ボディパンプ45,5,20:30,後藤 大地,
,コナミスポーツクラブ,城南,,ボディパンプ60,1,10:45,柴田 慎也,
,コナミスポーツクラブ,城南,,ボディパンプ60,3,19:40,水野 慶之,
,コナミスポーツクラブ,城南,,ボディパンプ60,4,12:40,久保山 智美,
,コナミスポーツクラブ,城南,,ボディパンプ60,5,12:15,内村 祐一,
,コナミスポーツクラブ,城南,,ボディパンプ60,6,13:45,水野 慶之,
,コナミスポーツクラブ,城南,,ボディパンプ60,0,12:20,大本 千絵,
,コナミスポーツクラブ,城南,,ボディパンプ45,1,15:15,瀬戸 政崇,
,コナミスポーツクラブ,城南,,ボディパンプ45,3,12:00,柴田 慎也,
,コナミスポーツクラブ,城南,,ボディパンプ45,4,22:15,永徳 健太郎,
,コナミスポーツクラブ,城南,,ボディパンプ30,1,22:30,永徳 健太郎,
,コナミスポーツクラブ,城南,,ボディパンプ30,5,20:40,永徳 健太郎,
,コナミスポーツクラブ,福岡天神,,ボディパンプ60,1,13:30,根路銘 国長,
,コナミスポーツクラブ,福岡天神,,ボディパンプ60,1,19:00,早崎 貴史,
,コナミスポーツクラブ,福岡天神,,ボディパンプ60,2,20:15,佐竹 達,
,コナミスポーツクラブ,福岡天神,,ボディパンプ60,5,15:50,松比良 真央,
,コナミスポーツクラブ,福岡天神,,ボディパンプ60,5,21:30,根路銘 国長,
,コナミスポーツクラブ,福岡天神,,ボディパンプ60,6,20:00,松比良 真央,
,コナミスポーツクラブ,福岡天神,,ボディパンプ60,0,13:30,根路銘 国長,
,コナミスポーツクラブ,福岡天神,,ボディパンプ45,2,11:00,早崎 貴史,
,コナミスポーツクラブ,福岡天神,,ボディパンプ45,4,12:15,佐竹 達,
,コナミスポーツクラブ,福岡天神,,ボディパンプ30,4,18:55,根路銘 国長,
,コナミスポーツクラブ,福岡天神,,ボディパンプ30,6,12:15,早崎 貴史,
,コナミスポーツクラブ,大野城,,ボディパンプ60,1,13:25,結城 祥二郎,
,コナミスポーツクラブ,大野城,,ボディパンプ60,4,20:15,畠中 奈美,
,コナミスポーツクラブ,大野城,,ボディパンプ60,6,14:10,畠中 奈美,
,コナミスポーツクラブ,大野城,,ボディパンプ60,0,12:50,岡部 佳代,
,コナミスポーツクラブ,大野城,,ボディパンプ45,5,10:15,岡部 佳代,
,コナミスポーツクラブ,戸畑,,ボディパンプテック,4,19:30,武富 翔棋,
,コナミスポーツクラブ,戸畑,,ボディパンプ60,5,11:00,加藤 博子,
,コナミスポーツクラブ,戸畑,,ボディパンプ60,0,12:35,山下 聡英,
,コナミスポーツクラブ,戸畑,,ボディパンプ45,1,18:15,山下 聡英,
,コナミスポーツクラブ,戸畑,,ボディパンプ45,3,13:30,下垣内 聡,
,コナミスポーツクラブ,戸畑,,ボディパンプ45,4,19:50,武富 翔棋,
,コナミスポーツクラブ,戸畑,,ボディパンプ45,5,21:20,佐藤 宣忠,
,コナミスポーツクラブ,西福岡,,ボディパンプ60,0,16:15,美間坂 良一,
,コナミスポーツクラブ,西福岡,,ボディパンプ45,4,21:35,美間坂 良一,
,コナミスポーツクラブ,西福岡,,ボディパンプ45,6,11:30,井上 愛美,
,コナミスポーツクラブ,福岡マリナタウン,,ボディパンプ60,3,21:20,櫻木 孝太,
,コナミスポーツクラブ,福岡マリナタウン,,ボディパンプ60,0,12:50,伊波 里紗,
,コナミスポーツクラブ,福岡マリナタウン,,ボディパンプ45,2,20:15,伊波 里紗,
,コナミスポーツクラブ,福岡マリナタウン,,ボディパンプ45,3,13:45,伊波 里紗,
,コナミスポーツクラブ,中間,,ボディパンプ60,5,15:40,佐藤 宣忠,
,コナミスポーツクラブ,中間,,ボディパンプ60,6,14:00,佐藤 宣忠,
,コナミスポーツクラブ,中間,,ボディパンプ45,2,20:45,河野 力也,
,コナミスポーツクラブ,中間,,ボディパンプ30,4,12:45,河野 力也,
,コナミスポーツクラブ,長崎,,ボディパンプ60,1,10:30,惣島 千聖,
,コナミスポーツクラブ,長崎,,ボディパンプ60,1,20:50,一坊寺 康伸,
,コナミスポーツクラブ,長崎,,ボディパンプ60,4,10:30,関矢 貴司,
,コナミスポーツクラブ,長崎,,ボディパンプ60,4,21:20,惣島 千聖,
,コナミスポーツクラブ,長崎,,ボディパンプ60,5,11:35,惣島 千聖,
,コナミスポーツクラブ,長崎,,ボディパンプ60,6,16:35,関矢 貴司,
,コナミスポーツクラブ,長崎,,ボディパンプ60,0,13:55,吉川 大喜,
,コナミスポーツクラブ,長崎,,ボディパンプ45,5,18:45,一坊寺 康伸,
,コナミスポーツクラブ,熊本,,ボディパンプテック,4,19:15,鳥井元翔多,
,コナミスポーツクラブ,熊本,,ボディパンプ60,2,21:30,濱崎侑太,
,コナミスポーツクラブ,熊本,,ボディパンプ60,4,14:10,福田亜由美,
,コナミスポーツクラブ,熊本,,ボディパンプ60,0,12:45,濱崎侑太,
,コナミスポーツクラブ,熊本,,ボディパンプ45,1,20:30,福田亜由美,
,コナミスポーツクラブ,熊本,,ボディパンプ45,4,19:30,鳥井元翔多,
,コナミスポーツクラブ,熊本,,ボディパンプ45,6,15:00,鳥井元 翔多,
,コナミスポーツクラブ,熊本,,ボディパンプ30,1,12:30,宮田俊,
,コナミスポーツクラブ,大分明野,,ボディパンプテック,2,15:45,中村 謙,
,コナミスポーツクラブ,大分明野,,ボディパンプ60,2,21:30,武藤 雅和,
,コナミスポーツクラブ,大分明野,,ボディパンプ60,5,11:50,一法師 健登,
,コナミスポーツクラブ,大分明野,,ボディパンプ60,6,13:00,工藤 宏一,
,コナミスポーツクラブ,大分明野,,ボディパンプ60,0,17:00,大久保 広之,
,コナミスポーツクラブ,大分明野,,ボディパンプ45,5,20:30,一法師 健登,
,コナミスポーツクラブ,大分明野,,ボディパンプ30,1,14:00,小川 一真,
,コナミスポーツクラブ,大分明野,,ボディパンプ30,2,16:05,中村 謙,
,コナミスポーツクラブ,沖縄,,ボディパンプ60,1,20:00,松井 孝彦,
,コナミスポーツクラブ,沖縄,,ボディパンプ60,2,13:15,松井 孝彦,
,コナミスポーツクラブ,沖縄,,ボディパンプ60,5,21:15,西原 美佳,
,コナミスポーツクラブ,沖縄,,ボディパンプ60,0,14:30,西村 和樹,
,コナミスポーツクラブ,沖縄,,ボディパンプ45,6,19:15,友利 好尋,
,コナミスポーツクラブ,沖縄,,ボディパンプ30,1,13:00,浜本 夏希,
,コナミスポーツクラブ,沖縄,,ボディパンプ30,4,11:45,浜本夏希,
,コナミスポーツクラブ,沖縄,,ボディパンプ30,4,18:30,西原 美佳,
,コナミスポーツクラブ,沖縄,,ボディパンプ30,6,11:00,松井 孝彦,
